-- phpMyAdmin SQL Dump
-- version 4.9.0.1
-- https://www.phpmyadmin.net/
--
-- Host: 127.0.0.1
-- Generation Time: Nov 11, 2019 at 03:17 PM
-- Server version: 10.3.16-MariaDB
-- PHP Version: 7.1.30

SET SQL_MODE = "NO_AUTO_VALUE_ON_ZERO";
SET AUTOCOMMIT = 0;
START TRANSACTION;
SET time_zone = "+00:00";


/*!40101 SET @OLD_CHARACTER_SET_CLIENT=@@CHARACTER_SET_CLIENT */;
/*!40101 SET @OLD_CHARACTER_SET_RESULTS=@@CHARACTER_SET_RESULTS */;
/*!40101 SET @OLD_COLLATION_CONNECTION=@@COLLATION_CONNECTION */;
/*!40101 SET NAMES utf8mb4 */;

--
-- Database: `yellowpages`
--

-- --------------------------------------------------------

--
-- Table structure for table `businesses`
--

CREATE TABLE `businesses` (
  `id` bigint(20) UNSIGNED NOT NULL,
  `name` varchar(255) COLLATE utf8mb4_unicode_ci NOT NULL,
  `slug` varchar(255) COLLATE utf8mb4_unicode_ci NOT NULL,
  `tagline` varchar(255) COLLATE utf8mb4_unicode_ci DEFAULT NULL,
  `business_type` tinyint(4) NOT NULL,
  `account_type` tinyint(4) NOT NULL,
  `category_id` bigint(20) UNSIGNED NOT NULL,
  `expires_at` date DEFAULT NULL,
  `city_id` bigint(20) UNSIGNED NOT NULL,
  `address` varchar(255) COLLATE utf8mb4_unicode_ci NOT NULL,
  `contact_one` varchar(255) COLLATE utf8mb4_unicode_ci DEFAULT NULL,
  `contact_two` varchar(255) COLLATE utf8mb4_unicode_ci DEFAULT NULL,
  `email` varchar(255) COLLATE utf8mb4_unicode_ci DEFAULT NULL,
  `website` varchar(255) COLLATE utf8mb4_unicode_ci DEFAULT NULL,
  `map_id` varchar(255) COLLATE utf8mb4_unicode_ci DEFAULT NULL,
  `facebook_link` varchar(255) COLLATE utf8mb4_unicode_ci DEFAULT NULL,
  `twitter_link` varchar(255) COLLATE utf8mb4_unicode_ci DEFAULT NULL,
  `google_link` varchar(255) COLLATE utf8mb4_unicode_ci DEFAULT NULL,
  `description_title` varchar(255) COLLATE utf8mb4_unicode_ci DEFAULT NULL,
  `description` text COLLATE utf8mb4_unicode_ci DEFAULT NULL,
  `services_title` varchar(255) COLLATE utf8mb4_unicode_ci DEFAULT NULL,
  `services` text COLLATE utf8mb4_unicode_ci DEFAULT NULL,
  `thumbnail` varchar(255) COLLATE utf8mb4_unicode_ci DEFAULT 'no_image.jpg',
  `profile_pic` varchar(255) COLLATE utf8mb4_unicode_ci DEFAULT 'no_image.jpg',
  `cover_pic` varchar(255) COLLATE utf8mb4_unicode_ci DEFAULT 'no_image.jpg',
  `deleted_at` timestamp NULL DEFAULT NULL,
  `created_at` timestamp NULL DEFAULT NULL,
  `updated_at` timestamp NULL DEFAULT NULL,
  `keywords` mediumtext COLLATE utf8mb4_unicode_ci NOT NULL
) ENGINE=InnoDB DEFAULT CHARSET=utf8mb4 COLLATE=utf8mb4_unicode_ci;

--
-- Dumping data for table `businesses`
--

INSERT INTO `businesses` (`id`, `name`, `slug`, `tagline`, `business_type`, `account_type`, `category_id`, `expires_at`, `city_id`, `address`, `contact_one`, `contact_two`, `email`, `website`, `map_id`, `facebook_link`, `twitter_link`, `google_link`, `description_title`, `description`, `services_title`, `services`, `thumbnail`, `profile_pic`, `cover_pic`, `deleted_at`, `created_at`, `updated_at`, `keywords`) VALUES
(1, 'Java Coffee House', 'java-coffee-house', 'Caffeine Into Code', 1, 2, 1, '2020-10-14', 2, 'Chatakpur 3', '9865720910', NULL, 'jmsbhatta@gmail.com', NULL, 'ChIJEwYlXLXsoTkRuUBXavgtflI', NULL, NULL, NULL, NULL, NULL, NULL, NULL, 'thumbnail/f5bd5446097d875b6792c8d11bb94823.jpg', 'profile/WgV9yuNLK8c6uju5JV5BLdVpeoiPyED6dBL4rXms.jpeg', 'no_image.jpg', NULL, '2019-08-07 01:13:04', '2019-08-07 01:13:04', ''),
(2, 'Multi-layered foreground utilisation', 'multi-layered-foreground-utilisation', 'Doloribus voluptatem reiciendis asperiores soluta.', 1, 1, 6, '2002-12-07', 3, '86478 Jordane Mills', '+6285598660168', '+5982712975919', 'kuhic.laurence@example.com', 'http://www.hane.biz/voluptatem-dolore-ab-occaecati-est-necessitatibus-nostrum-aliquam', 'ChIJEwYlXLXsoTkRuUBXavgtflI', 'https://www.facebook.com/enim-dolore-et-et-deleniti', 'https://www.twitter.com/sapiente-dolor-totam-sit-qui-in', 'https://www.plus.google.com/soluta-sunt-qui-quod-eum', 'About Us', 'An enormous puppy was looking for them, but they began moving about again, and we won\'t talk about wasting IT. It\'s HIM.\' \'I don\'t quite understand you,\' she said, \'and see whether it\'s marked.', 'Our Services', 'Alice in a sorrowful tone; \'at least there\'s no room to grow up any more HERE.\' \'But then,\' thought Alice, \'shall I NEVER get any older than I am now? That\'ll be a comfort, one way--never to be an old woman--but then--always to have lessons to.', 'no_image.jpg', 'no_image.jpg', 'no_image.jpg', NULL, '2019-08-08 01:43:40', '2019-08-08 01:43:40', ''),
(3, 'Integrated high-level website', 'integrated-high-level-website', 'Nobis odit temporibus velit voluptate reprehenderit.', 1, 2, 6, '2010-08-02', 3, '7142 Vivien Island Suite 236', '+9938560089575', '+5845194509047', 'theodore.boyle@example.net', 'http://huel.com/id-porro-ullam-repudiandae-accusamus-minus-laboriosam-accusamus-corrupti', 'ChIJEwYlXLXsoTkRuUBXavgtflI', 'https://www.facebook.com/aut-officia-quis-enim', 'https://www.twitter.com/qui-quisquam-quia-architecto-dolores-est-totam-asperiores-totam', 'https://www.plus.google.com/aperiam-cum-occaecati-non', 'About Us', 'March Hare. Alice sighed wearily. \'I think I must have been ill.\' \'So they were,\' said the Caterpillar. \'Well, perhaps not,\' said the King said to itself in a very difficult game indeed. The players.', 'Our Services', 'So she began: \'O Mouse, do you know that you\'re mad?\' \'To begin with,\' said the Cat, \'if you only walk long enough.\' Alice felt that this could not be denied, so she tried another question. \'What sort of people live about here?\' \'In THAT.', 'no_image.jpg', 'no_image.jpg', 'no_image.jpg', NULL, '2019-08-08 01:43:41', '2019-08-08 01:43:41', ''),
(4, 'Universal real-time concept', 'universal-real-time-concept', 'Odio tempora natus enim non molestias voluptate cupiditate.', 1, 1, 1, '1994-04-20', 2, '383 Lind Crest Apt. 112', '+9107406836414', '+3524115918211', 'koch.dolly@example.net', 'http://blanda.com/corporis-atque-et-ab-molestias-id-tempora-eaque-architecto', 'ChIJEwYlXLXsoTkRuUBXavgtflI', 'https://www.facebook.com/placeat-recusandae-placeat-provident-non-ut', 'https://www.twitter.com/eveniet-voluptates-vel-facere-delectus-aperiam', 'https://www.plus.google.com/sunt-sapiente-illum-illo-voluptatem-impedit-provident-quos', 'About Us', 'Mock Turtle recovered his voice, and, with tears running down his face, as long as you go on? It\'s by far the most important piece of evidence we\'ve heard yet,\' said the Caterpillar. \'Is that all?\'.', 'Our Services', 'MINE.\' The Queen turned angrily away from him, and said to herself as she ran. \'How surprised he\'ll be when he finds out who I am! But I\'d better take him his fan and gloves--that is, if I can find them.\' As she said this, she came upon a heap of.', 'no_image.jpg', 'no_image.jpg', 'no_image.jpg', NULL, '2019-08-08 01:43:42', '2019-08-08 01:43:42', ''),
(5, 'Polarised heuristic structure', 'polarised-heuristic-structure', 'Voluptatem suscipit molestias officiis aut voluptatem qui optio.', 1, 1, 4, '2006-12-11', 5, '8850 Walsh Mall Apt. 501', '+5423140665750', '+4111616743904', 'mohr.laurine@example.org', 'http://www.glover.net/voluptatibus-ducimus-beatae-non', 'ChIJEwYlXLXsoTkRuUBXavgtflI', 'https://www.facebook.com/doloribus-dolorum-numquam-aut-atque-id', 'https://www.twitter.com/officiis-maiores-repellat-quo-est-sunt-nihil-sed-dignissimos', 'https://www.plus.google.com/dolores-enim-dolorem-at-autem-labore', 'About Us', 'How I wonder if I was, I shouldn\'t want YOURS: I don\'t want to see what this bottle was NOT marked \'poison,\' so Alice ventured to ask. \'Suppose we change the subject of conversation. \'Are you--are.', 'Our Services', 'And how odd the directions will look! ALICE\'S RIGHT FOOT, ESQ. HEARTHRUG, NEAR THE FENDER, (WITH ALICE\'S LOVE). Oh dear, what nonsense I\'m talking!\' Just then her head struck against the roof of the court. \'What do you mean by that?\' said the.', 'no_image.jpg', 'no_image.jpg', 'no_image.jpg', NULL, '2019-08-08 01:43:42', '2019-08-08 01:43:42', ''),
(6, 'Robust responsive software', 'robust-responsive-software', 'Quia laborum accusamus voluptatibus dolores totam molestias.', 2, 2, 5, '2013-03-22', 4, '7738 Fadel Neck', '+5278634749342', '+8607299523437', 'zelma.welch@example.org', 'http://www.oberbrunner.net/eaque-molestiae-eius-qui-cum.html', 'ChIJEwYlXLXsoTkRuUBXavgtflI', 'https://www.facebook.com/fugit-et-praesentium-recusandae-impedit-eveniet', 'https://www.twitter.com/necessitatibus-porro-ab-assumenda-sed-sequi-id-eveniet-ipsa', 'https://www.plus.google.com/architecto-aperiam-magni-qui-ratione-aut-illo-incidunt', 'About Us', 'I shall be punished for it flashed across her mind that she began nursing her child again, singing a sort of life! I do wonder what they\'ll do next! If they had any dispute with the other bit. Her.', 'Our Services', 'Gryphon; and then they both sat silent and looked at her, and the Queen said severely \'Who is this?\' She said it to the Knave \'Turn them over!\' The Knave did so, very carefully, with one foot. \'Get up!\' said the Queen, tossing her head impatiently.', 'no_image.jpg', 'no_image.jpg', 'no_image.jpg', NULL, '2019-08-08 01:43:42', '2019-08-08 01:43:42', ''),
(7, 'Advanced zerodefect openarchitecture', 'advanced-zerodefect-openarchitecture', 'Qui quisquam ipsam quis.', 2, 1, 2, '1971-05-04', 5, '67643 Edd Ford', '+2921101933283', '+8558019154848', 'griffin.schowalter@example.net', 'http://www.hirthe.biz/', 'ChIJEwYlXLXsoTkRuUBXavgtflI', 'https://www.facebook.com/dolorem-autem-commodi-mollitia-inventore-nihil-ea', 'https://www.twitter.com/alias-in-in-quas-odit-sapiente', 'https://www.plus.google.com/sint-accusamus-est-vel-quo-quisquam-et', 'About Us', 'Mock Turtle said with a large caterpillar, that was linked into hers began to tremble. Alice looked down at her rather inquisitively, and seemed to Alice for some time with one of the shelves as she.', 'Our Services', 'I\'d taken the highest tree in the wood,\' continued the Pigeon, raising its voice to a shriek, \'and just as I was thinking I should be free of them at last, they must needs come wriggling down from the trees upon her face. \'Wake up, Alice dear!\'.', 'no_image.jpg', 'no_image.jpg', 'no_image.jpg', NULL, '2019-08-08 01:43:42', '2019-08-08 01:43:42', ''),
(8, 'Optimized 24/7 systemengine', 'optimized-24-7-systemengine', 'Cum nisi est ab impedit.', 2, 2, 2, '1992-01-02', 6, '41909 Schimmel Parks Suite 966', '+5654722798000', '+4203158128712', 'braulio09@example.net', 'http://www.lakin.com/dolores-est-fugit-dolorem-consectetur-ab-perspiciatis-deserunt-dolore', 'ChIJEwYlXLXsoTkRuUBXavgtflI', 'https://www.facebook.com/nihil-assumenda-voluptatem-illum-dolores-quo-rerum-perspiciatis', 'https://www.twitter.com/non-quo-est-earum-qui-explicabo', 'https://www.plus.google.com/et-voluptatem-nihil-laborum-quibusdam-nihil-maiores', 'About Us', 'Edgar Atheling to meet William and offer him the crown. William\'s conduct at first was in confusion, getting the Dormouse went on, \'you throw the--\' \'The lobsters!\' shouted the Gryphon, sighing in.', 'Our Services', 'She had just succeeded in curving it down into a graceful zigzag, and was going to happen next. First, she tried to curtsey as she spoke--fancy CURTSEYING as you\'re falling through the air! Do you think I can listen all day to such stuff? Be off.', 'no_image.jpg', 'no_image.jpg', 'no_image.jpg', NULL, '2019-08-08 01:43:42', '2019-08-08 01:43:42', ''),
(9, 'Fully-configurable incremental firmware', 'fully-configurable-incremental-firmware', 'Veniam iure illo aut culpa ipsum qui.', 2, 2, 2, '1996-02-01', 4, '800 Treutel Landing', '+6281743270234', '+5287294361875', 'kassandra.spinka@example.org', 'https://www.legros.info/quo-id-iure-et-est-quos-corporis-minus-enim', 'ChIJEwYlXLXsoTkRuUBXavgtflI', 'https://www.facebook.com/numquam-inventore-dicta-minus-quod-corporis', 'https://www.twitter.com/dignissimos-voluptatem-quos-nesciunt-sint-asperiores-et-suscipit', 'https://www.plus.google.com/alias-id-perferendis-facere-neque-sequi-occaecati', 'About Us', 'Alice noticed, had powdered hair that curled all over with diamonds, and walked a little nervous about it while the Mouse was speaking, and this time with one of the trees upon her face. \'Wake up.', 'Our Services', 'Alice. The poor little thing was waving its tail about in a melancholy tone. \'Nobody seems to like her, down here, and I\'m sure I can\'t be Mabel, for I know all the things being alive; for instance, there\'s the arch I\'ve got to do,\' said Alice to.', 'no_image.jpg', 'no_image.jpg', 'no_image.jpg', NULL, '2019-08-08 01:43:42', '2019-08-08 01:43:42', ''),
(10, 'Public-key real-time instructionset', 'public-key-real-time-instructionset', 'Quia doloribus deserunt nihil sit.', 2, 2, 4, '2007-09-28', 2, '72611 Padberg Grove', '+5071104050205', '+6014299378931', 'mike.pfannerstill@example.net', 'https://feeney.com/corporis-consectetur-ipsa-iusto-recusandae-optio-ad-et.html', 'ChIJEwYlXLXsoTkRuUBXavgtflI', 'https://www.facebook.com/nulla-unde-necessitatibus-et-ratione', 'https://www.twitter.com/rerum-praesentium-quo-quia-dolorem', 'https://www.plus.google.com/ab-est-harum-quod', 'About Us', 'Time as well look and see that the cause of this pool? I am so VERY nearly at the time at the Queen, who was beginning to see if she were saying lessons, and began by producing from under his arm a.', 'Our Services', 'He only does it to annoy, Because he knows it teases.\' CHORUS. (In which the cook and the baby joined):-- \'Wow! wow! wow!\' \'Here! you may nurse it a bit, if you like!\' the Duchess said after a pause: \'the reason is, that I\'m doubtful about the.', 'no_image.jpg', 'no_image.jpg', 'no_image.jpg', NULL, '2019-08-08 01:43:42', '2019-08-08 01:43:42', ''),
(11, 'Realigned bottom-line openarchitecture', 'realigned-bottom-line-openarchitecture', 'Dolores qui ab vel quo iure omnis tempora.', 1, 2, 5, '2014-04-12', 2, '19133 Barney Forks Suite 704', '+6669296974902', '+1860331635228', 'muhammad55@example.com', 'http://www.hane.com/', 'ChIJEwYlXLXsoTkRuUBXavgtflI', 'https://www.facebook.com/facere-possimus-eligendi-atque-quas', 'https://www.twitter.com/minima-reiciendis-est-similique-qui', 'https://www.plus.google.com/qui-dolorem-nihil-aliquam-fugit-et', 'About Us', 'I am so VERY much out of that is, but I hadn\'t begun my tea--not above a week or so--and what with the Queen shrieked out. \'Behead that Dormouse! Turn that Dormouse out of their wits!\' So she was in.', 'Our Services', 'She had already heard her sentence three of the players to be executed for having missed their turns, and she did not at all like the tone of this remark, and thought it would be quite as safe to stay with it as to go after that savage Queen: so.', 'no_image.jpg', 'no_image.jpg', 'no_image.jpg', NULL, '2019-08-08 01:43:42', '2019-08-08 01:43:42', ''),
(12, 'Vision-oriented bandwidth-monitored contingency', 'vision-oriented-bandwidth-monitored-contingency', 'Commodi illo aspernatur occaecati corrupti unde.', 1, 1, 2, '1977-10-11', 6, '8392 Alvis Pike Apt. 591', '+9832069258980', '+6218564519187', 'jarrett.pagac@example.net', 'http://nicolas.com/qui-veritatis-porro-ut-est-in-sit-et', 'ChIJEwYlXLXsoTkRuUBXavgtflI', 'https://www.facebook.com/fuga-accusantium-saepe-perspiciatis', 'https://www.twitter.com/consequatur-sunt-eveniet-consequatur-aut-nostrum-voluptatem-corporis', 'https://www.plus.google.com/consequatur-et-quidem-consectetur-et-molestiae', 'About Us', 'I eat one of the creature, but on second thoughts she decided to remain where she was, and waited. When the Mouse with an M--\' \'Why with an M?\' said Alice. \'Oh, don\'t talk about wasting IT. It\'s.', 'Our Services', 'The Duchess took her choice, and was gone in a moment. \'Let\'s go on with the next verse.\' \'But about his toes?\' the Mock Turtle in a tone of great surprise. \'Of course not,\' said the Mock Turtle: \'crumbs would all wash off in the sea. But they HAVE.', 'no_image.jpg', 'no_image.jpg', 'no_image.jpg', NULL, '2019-08-08 01:43:42', '2019-08-08 01:43:42', ''),
(13, 'Programmable systemic solution', 'programmable-systemic-solution', 'Aliquid enim id hic.', 2, 2, 1, '1976-12-11', 3, '445 Kessler Springs', '+9952787667102', '+3586004928103', 'xkohler@example.org', 'https://www.goldner.org/explicabo-nisi-numquam-aliquam-tempore-tempore', 'ChIJEwYlXLXsoTkRuUBXavgtflI', 'https://www.facebook.com/perferendis-id-quaerat-est-qui-aut-quas-laborum-corrupti', 'https://www.twitter.com/voluptatem-error-magnam-id-corporis-aut', 'https://www.plus.google.com/numquam-aperiam-non-ut-nesciunt-suscipit-rerum-quo', 'About Us', 'They\'re dreadfully fond of pretending to be ashamed of yourself,\' said Alice, \'it\'s very rude.\' The Hatter shook his grey locks, \'I kept all my life, never!\' They had not gone far before they saw.', 'Our Services', 'DOTH THE LITTLE BUSY BEE,\" but it all came different!\' Alice replied in an offended tone. And the Gryphon never learnt it.\' \'Hadn\'t time,\' said the Caterpillar; and it put the hookah into its mouth and yawned once or twice, half hoping that they.', 'no_image.jpg', 'no_image.jpg', 'no_image.jpg', NULL, '2019-08-08 01:43:42', '2019-08-08 01:43:42', ''),
(14, 'Programmable tangible encoding', 'programmable-tangible-encoding', 'Ut itaque autem ipsa saepe molestiae porro.', 2, 1, 6, '1993-07-31', 6, '85563 Mikayla Track Apt. 297', '+1618163259204', '+1574185355954', 'thad.collins@example.net', 'https://hudson.info/tenetur-et-doloremque-deserunt-animi.html', 'ChIJEwYlXLXsoTkRuUBXavgtflI', 'https://www.facebook.com/quam-debitis-possimus-vitae-possimus-odio-itaque', 'https://www.twitter.com/illum-dolor-minus-est-eligendi-officia-cum', 'https://www.plus.google.com/quo-illo-doloremque-nobis-minima-sequi-architecto', 'About Us', 'NOT, being made entirely of cardboard.) \'All right, so far,\' said the Mock Turtle a little way off, and had just begun to dream that she ran off as hard as he wore his crown over the fire, stirring.', 'Our Services', 'It was opened by another footman in livery, with a round face, and large eyes like a frog; and both footmen, Alice noticed, had powdered hair that curled all over their heads. She felt very curious to know what it was all dark overhead; before her.', 'no_image.jpg', 'no_image.jpg', 'no_image.jpg', NULL, '2019-08-08 01:43:43', '2019-08-08 01:43:43', ''),
(15, 'Networked well-modulated budgetarymanagement', 'networked-well-modulated-budgetarymanagement', 'Omnis non et rerum id voluptatem ullam.', 2, 2, 3, '1974-10-22', 6, '71270 Ziemann Knoll', '+6386557188439', '+3610659264833', 'darby.barrows@example.com', 'http://www.ernser.biz/quis-sit-dolor-velit-alias-quia', 'ChIJEwYlXLXsoTkRuUBXavgtflI', 'https://www.facebook.com/temporibus-esse-ipsum-omnis-modi-repellendus-aut', 'https://www.twitter.com/ad-modi-voluptate-quo-qui-molestias', 'https://www.plus.google.com/omnis-ut-odit-assumenda', 'About Us', 'Alice, that she still held the pieces of mushroom in her face, and large eyes like a steam-engine when she looked down into a large kitchen, which was the matter with it. There could be NO mistake.', 'Our Services', 'Mock Turtle, and to hear his history. I must go back and see after some executions I have ordered\'; and she walked off, leaving Alice alone with the Gryphon. Alice did not quite know what to say to this: so she helped herself to some tea and.', 'no_image.jpg', 'no_image.jpg', 'no_image.jpg', NULL, '2019-08-08 01:43:43', '2019-08-08 01:43:43', ''),
(16, 'Horizontal human-resource initiative', 'horizontal-human-resource-initiative', 'Voluptates voluptas omnis perspiciatis.', 1, 1, 3, '1991-12-27', 2, '242 Orlando Mill Apt. 105', '+7043896187101', '+4716198156967', 'nona.schneider@example.net', 'http://wolf.com/', 'ChIJEwYlXLXsoTkRuUBXavgtflI', 'https://www.facebook.com/quos-velit-voluptas-libero-nulla-reprehenderit-quas', 'https://www.twitter.com/repellendus-repudiandae-culpa-id-adipisci-assumenda', 'https://www.plus.google.com/unde-incidunt-sed-itaque-eaque-et-voluptatem', 'About Us', 'At last the Caterpillar angrily, rearing itself upright as it spoke. \'As wet as ever,\' said Alice sadly. \'Hand it over afterwards, it occurred to her that she remained the same year for such.', 'Our Services', 'Bill,\' thought Alice,) \'Well, I hardly know--No more, thank ye; I\'m better now--but I\'m a deal too flustered to tell you--all I know is, something comes at me like a Jack-in-the-box, and up I goes like a sky-rocket!\' \'So you did, old fellow!\' said.', 'no_image.jpg', 'no_image.jpg', 'no_image.jpg', NULL, '2019-08-08 01:43:43', '2019-08-08 01:43:43', ''),
(17, 'Synergistic value-added encoding', 'synergistic-value-added-encoding', 'Ipsum iusto repellendus rem culpa sed assumenda.', 1, 1, 2, '1980-11-23', 7, '31200 Kling Crescent', '+1323160844757', '+6831051827291', 'erik62@example.net', 'http://www.lockman.com/quo-velit-animi-aut-quod-asperiores-maiores-reprehenderit', 'ChIJEwYlXLXsoTkRuUBXavgtflI', 'https://www.facebook.com/est-magni-doloremque-necessitatibus-dolorem-sunt-quo-labore', 'https://www.twitter.com/quas-et-et-quo-nobis-voluptatem', 'https://www.plus.google.com/ut-et-quo-exercitationem-omnis', 'About Us', 'Duchess took no notice of her skirt, upsetting all the while, till at last came a little ledge of rock, and, as she left her, leaning her head to keep back the wandering hair that WOULD always get.', 'Our Services', 'Alice said to herself, and began by taking the little golden key in the lock, and to her great disappointment it was empty: she did not like to be a footman because he was in livery: otherwise, judging by his face only, she would have called him a.', 'no_image.jpg', 'no_image.jpg', 'no_image.jpg', NULL, '2019-08-08 01:43:43', '2019-08-08 01:43:43', ''),
(18, 'Total methodical data-warehouse', 'total-methodical-data-warehouse', 'Molestias provident qui libero.', 1, 1, 6, '2003-01-13', 2, '87667 Abernathy Squares Apt. 378', '+6223922902678', '+6354772952038', 'ricardo00@example.net', 'http://steuber.com/libero-aut-sint-quam-repellat', 'ChIJEwYlXLXsoTkRuUBXavgtflI', 'https://www.facebook.com/pariatur-libero-dolore-ratione-deleniti', 'https://www.twitter.com/et-totam-perspiciatis-aut-voluptate-temporibus-non-voluptatem', 'https://www.plus.google.com/inventore-aliquid-qui-sunt-reprehenderit', 'About Us', 'Alice did not quite sure whether it would be quite absurd for her to carry it further. So she set to partners--\' \'--change lobsters, and retire in same order,\' continued the King. \'Nothing.', 'Our Services', 'Turn that Dormouse out of court! Suppress him! Pinch him! Off with his head!\"\' \'How dreadfully savage!\' exclaimed Alice. \'And ever since that,\' the Hatter went on, looking anxiously round to see if she meant to take the hint; but the cook was.', 'no_image.jpg', 'no_image.jpg', 'no_image.jpg', NULL, '2019-08-08 01:43:43', '2019-08-08 01:43:43', ''),
(19, 'Re-contextualized composite capacity', 're-contextualized-composite-capacity', 'Neque quis qui eaque voluptas aut.', 2, 1, 1, '2008-08-05', 2, '8938 Lonie Shoals Suite 677', '+4102164317908', '+3587634246840', 'ulices.watsica@example.net', 'http://monahan.com/', 'ChIJEwYlXLXsoTkRuUBXavgtflI', 'https://www.facebook.com/sunt-sapiente-ut-autem-voluptatibus-illum-itaque-occaecati', 'https://www.twitter.com/adipisci-autem-iure-omnis', 'https://www.plus.google.com/nam-suscipit-mollitia-ea-voluptates-culpa-perferendis-id', 'About Us', 'WAS a narrow escape!\' said Alice, in a very fine day!\' said a timid and tremulous sound.] \'That\'s different from what I get\" is the driest thing I ever saw one that size? Why, it fills the whole.', 'Our Services', 'Elsie, Lacie, and Tillie; and they lived at the bottom of a well--\' \'What did they live on?\' said Alice, who always took a great interest in questions of eating and drinking. \'They lived on treacle,\' said the Dormouse, who was sitting next to her.', 'no_image.jpg', 'no_image.jpg', 'no_image.jpg', NULL, '2019-08-08 01:43:44', '2019-08-08 01:43:44', ''),
(20, 'Cross-platform full-range processimprovement', 'cross-platform-full-range-processimprovement', 'Facere fuga sed sed laboriosam molestias amet.', 1, 2, 4, '2003-03-10', 4, '15565 Jacobi Burg', '+1287668913345', '+6223672364954', 'blaze.kris@example.net', 'http://www.zemlak.com/', 'ChIJEwYlXLXsoTkRuUBXavgtflI', 'https://www.facebook.com/omnis-soluta-vitae-nobis-voluptas-sequi', 'https://www.twitter.com/adipisci-modi-cum-omnis-voluptatem-incidunt-enim', 'https://www.plus.google.com/dicta-nihil-est-consequuntur', 'About Us', 'Hatter. \'Stolen!\' the King said to herself, \'Why, they\'re only a child!\' The Queen had never forgotten that, if you were me?\' \'Well, perhaps you were me?\' \'Well, perhaps not,\' said Alice more.', 'Our Services', 'Rabbit came near her, she began, in a voice sometimes choked with sobs, to sing this:-- \'Beautiful Soup, so rich and green, Waiting in a hot tureen! Who for such dainties would not stoop? Soup of the evening, beautiful Soup! Soup of the evening.', 'no_image.jpg', 'no_image.jpg', 'no_image.jpg', NULL, '2019-08-08 01:43:44', '2019-08-08 01:43:44', ''),
(21, 'Networked heuristic toolset', 'networked-heuristic-toolset', 'Voluptatibus similique placeat aut neque repellat.', 1, 2, 2, '2002-10-07', 7, '85247 Newton Tunnel Suite 976', '+1391043939920', '+8971870057517', 'drew.hessel@example.com', 'http://www.hahn.com/veniam-nihil-repellat-dolores-est-neque-aspernatur.html', 'ChIJEwYlXLXsoTkRuUBXavgtflI', 'https://www.facebook.com/ea-officiis-architecto-distinctio-nostrum-porro-fugiat-soluta-repudiandae', 'https://www.twitter.com/architecto-qui-dolores-vel-quibusdam', 'https://www.plus.google.com/necessitatibus-modi-dolore-omnis', 'About Us', 'King; and the roof of the well, and noticed that one of the trees behind him. \'--or next day, maybe,\' the Footman continued in the middle, wondering how she would get up and straightening itself out.', 'Our Services', 'Alice to herself, \'after such a fall as this, I shall think nothing of tumbling down stairs! How brave they\'ll all think me at home! Why, I wouldn\'t say anything about it, even if I fell off the top of its voice. \'Back to land again, and that\'s all.', 'no_image.jpg', 'no_image.jpg', 'no_image.jpg', NULL, '2019-08-08 01:43:44', '2019-08-08 01:43:44', ''),
(22, 'Intuitive discrete parallelism', 'intuitive-discrete-parallelism', 'Aut sunt voluptate tempore praesentium sed cumque.', 2, 2, 5, '2015-12-10', 3, '61039 Alycia Crescent Apt. 207', '+2558663321787', '+9257264289475', 'coby61@example.com', 'http://www.bednar.com/unde-quae-accusantium-et-blanditiis', 'ChIJEwYlXLXsoTkRuUBXavgtflI', 'https://www.facebook.com/quos-reiciendis-repellat-unde', 'https://www.twitter.com/non-voluptas-eum-ea-voluptas-laudantium-nesciunt', 'https://www.plus.google.com/eum-tenetur-dicta-harum-animi', 'About Us', 'And the Gryphon went on. \'I do,\' Alice hastily replied; \'only one doesn\'t like changing so often, you know.\' \'Not the same year for such a thing before, but she saw in my time, but never ONE with.', 'Our Services', 'Queen, \'Really, my dear, YOU must cross-examine the next witness. It quite makes my forehead ache!\' Alice watched the White Rabbit was still in sight, hurrying down it. There was not a bit hurt, and she jumped up in such a hurry that she tipped.', 'no_image.jpg', 'no_image.jpg', 'no_image.jpg', NULL, '2019-08-08 01:43:44', '2019-08-08 01:43:44', ''),
(23, 'Profit-focused content-based protocol', 'profit-focused-content-based-protocol', 'Dolorum sit omnis perferendis autem.', 1, 2, 2, '1976-08-20', 3, '7902 Tremblay Walks', '+8010833899958', '+6113491909565', 'lilly93@example.org', 'http://www.skiles.com/earum-laboriosam-dignissimos-aspernatur-veniam-eos-architecto-placeat-officia.html', 'ChIJEwYlXLXsoTkRuUBXavgtflI', 'https://www.facebook.com/adipisci-voluptatum-doloremque-voluptates-non-earum-illum', 'https://www.twitter.com/laborum-voluptatibus-soluta-quo-dolores-voluptatibus', 'https://www.plus.google.com/qui-vel-sunt-soluta-velit-reiciendis', 'About Us', 'Lizard, Bill, was in managing her flamingo: she succeeded in getting its body tucked away, comfortably enough, under her arm, and timidly said \'Consider, my dear: she is such a thing before, but she.', 'Our Services', 'King said to the jury. They were just beginning to think to herself, \'Now, what am I to do with you. Mind now!\' The poor little thing was waving its tail about in a melancholy tone. \'Nobody seems to like her, down here, and I\'m sure I can\'t be.', 'no_image.jpg', 'no_image.jpg', 'no_image.jpg', NULL, '2019-08-08 01:43:44', '2019-08-08 01:43:44', ''),
(24, 'Function-based static focusgroup', 'function-based-static-focusgroup', 'Commodi temporibus ipsa maxime minus et ducimus et.', 1, 1, 2, '1977-03-11', 3, '19815 Rickey Rue Suite 359', '+1915512880705', '+1597618928110', 'edison25@example.org', 'http://www.dietrich.com/et-architecto-autem-qui-perspiciatis-et-beatae-ad', 'ChIJEwYlXLXsoTkRuUBXavgtflI', 'https://www.facebook.com/ducimus-ut-quod-animi-maiores-soluta-maiores', 'https://www.twitter.com/ipsam-est-at-a-eveniet-voluptatem-molestiae-doloremque', 'https://www.plus.google.com/et-rerum-dolores-omnis-temporibus', 'About Us', 'I say,\' the Mock Turtle replied in an offended tone, \'was, that the Mouse was swimming away from him, and very soon finished off the top of his shrill little voice, the name again!\' \'I won\'t.', 'Our Services', 'French mouse, come over with William the Conqueror.\' (For, with all her knowledge of history, Alice had no very clear notion how long ago anything had happened.) So she began again: \'Ou est ma chatte?\' which was the first to speak. \'What size do.', 'no_image.jpg', 'no_image.jpg', 'no_image.jpg', NULL, '2019-08-08 01:43:44', '2019-08-08 01:43:44', ''),
(25, 'Team-oriented reciprocal capability', 'team-oriented-reciprocal-capability', 'Tempore cum iste possimus omnis omnis sit sunt.', 2, 2, 4, '1980-04-29', 3, '4728 Hand Shore', '+3231736019383', '+8392456459925', 'lilla40@example.net', 'http://www.hoppe.org/iste-est-et-deserunt-qui-facilis', 'ChIJEwYlXLXsoTkRuUBXavgtflI', 'https://www.facebook.com/eligendi-voluptas-ex-molestiae-fuga-qui-sed-qui', 'https://www.twitter.com/facere-eum-exercitationem-delectus-magnam-reprehenderit', 'https://www.plus.google.com/ut-earum-quam-aut-dolores', 'About Us', 'There was nothing on it but tea. \'I don\'t know much,\' said the youth, \'one would hardly suppose That your eye was as much as she could remember them, all these strange Adventures of hers that you.', 'Our Services', 'Mary Ann, what ARE you doing out here? Run home this moment, and fetch me a pair of white kid gloves in one hand and a large plate came skimming out, straight at the Footman\'s head: it just grazed his nose, and broke to pieces against one of the.', 'no_image.jpg', 'no_image.jpg', 'no_image.jpg', NULL, '2019-08-08 01:43:44', '2019-08-08 01:43:44', ''),
(26, 'Multi-layered high-level artificialintelligence', 'multi-layered-high-level-artificialintelligence', 'Tempore earum tempora sit sapiente rerum tempora.', 1, 2, 1, '1996-08-20', 7, '87781 Ankunding Ridges Apt. 064', '+3197978013355', '+9169751292718', 'nbogisich@example.com', 'http://www.cormier.com/commodi-quibusdam-molestiae-qui-sunt-consequatur.html', 'ChIJEwYlXLXsoTkRuUBXavgtflI', 'https://www.facebook.com/et-at-molestiae-tenetur-aut-accusantium', 'https://www.twitter.com/non-corporis-hic-molestias-pariatur', 'https://www.plus.google.com/quam-aut-commodi-possimus-in-dolore-et-maiores', 'About Us', 'Let me see: that would happen: \'\"Miss Alice! Come here directly, and get ready to play with, and oh! ever so many out-of-the-way things to happen, that it would be QUITE as much use in saying.', 'Our Services', 'Queen said to the executioner: \'fetch her here.\' And the executioner went off like an arrow. The Cat\'s head began fading away the moment he was gone, and, by the time they had settled down again, the cook had disappeared. \'Never mind!\' said the.', 'no_image.jpg', 'no_image.jpg', 'no_image.jpg', NULL, '2019-08-08 01:43:45', '2019-08-08 01:43:45', ''),
(27, 'Monitored holistic knowledgebase', 'monitored-holistic-knowledgebase', 'Et natus quas voluptates architecto sed ut vitae est.', 2, 1, 5, '2012-08-28', 4, '3977 Heathcote Grove Apt. 292', '+8000518353840', '+9908006577739', 'ksmith@example.org', 'http://www.powlowski.info/', 'ChIJEwYlXLXsoTkRuUBXavgtflI', 'https://www.facebook.com/architecto-inventore-consectetur-sint', 'https://www.twitter.com/placeat-ipsum-recusandae-sunt-voluptas-soluta-consequatur-sint', 'https://www.plus.google.com/qui-aut-commodi-sit-et-sequi-magni-sed-qui', 'About Us', 'Which way?\', holding her hand in hand with Dinah, and saying \"Come up again, dear!\" I shall never get to twenty at that rate! However, the Multiplication Table doesn\'t signify: let\'s try the whole.', 'Our Services', 'I\'ve got to go through next walking about at the other end of the ground--and I should have croqueted the Queen\'s hedgehog just now, only it ran away when it saw Alice. It looked good-natured, she thought: still it had VERY long claws and a great.', 'no_image.jpg', 'no_image.jpg', 'no_image.jpg', NULL, '2019-08-08 01:43:45', '2019-08-08 01:43:45', ''),
(28, 'Profit-focused 3rdgeneration function', 'profit-focused-3rdgeneration-function', 'Iusto quo beatae vitae enim corrupti nesciunt laborum.', 1, 1, 2, '1990-12-02', 2, '19200 Huel Track Apt. 696', '+3651324598049', '+1945506608003', 'predovic.may@example.org', 'http://lowe.org/', 'ChIJEwYlXLXsoTkRuUBXavgtflI', 'https://www.facebook.com/pariatur-cupiditate-dolores-officiis-labore-labore', 'https://www.twitter.com/aut-aliquam-consectetur-similique-libero-numquam-sit', 'https://www.plus.google.com/odit-reprehenderit-cupiditate-cumque-ut-ea-dolorem-aliquam', 'About Us', 'As a duck with its legs hanging down, but generally, just as she spoke--fancy CURTSEYING as you\'re falling through the little golden key and hurried upstairs, in great fear lest she should push the.', 'Our Services', 'She said the last word with such sudden violence that Alice quite jumped; but she saw in another moment it was out of sight before the officer could get to the shore, and then I\'ll tell you my adventures--beginning from this morning,\' said Alice a.', 'no_image.jpg', 'no_image.jpg', 'no_image.jpg', NULL, '2019-08-08 01:43:45', '2019-08-08 01:43:45', ''),
(29, 'Inverse dynamic projection', 'inverse-dynamic-projection', 'Rerum reprehenderit consequatur error molestias doloremque atque nam.', 1, 2, 6, '1975-05-26', 3, '728 Weber Spurs Apt. 214', '+8977667420472', '+9785833621704', 'kessler.eldon@example.org', 'https://www.fahey.biz/expedita-quia-qui-et', 'ChIJEwYlXLXsoTkRuUBXavgtflI', 'https://www.facebook.com/ducimus-minima-vel-corporis-rerum', 'https://www.twitter.com/ut-autem-sunt-eos-quam-non-cupiditate', 'https://www.plus.google.com/ab-id-quo-eum-quis-inventore-quis', 'About Us', 'I shall only look up in a low voice, to the game. CHAPTER IX. The Mock Turtle is.\' \'It\'s the oldest rule in the beautiful garden, among the distant sobs of the right-hand bit to try the patience of.', 'Our Services', 'CHAPTER XII. Alice\'s Evidence \'Here!\' cried Alice, quite forgetting her promise. \'Treacle,\' said the Dormouse, after thinking a minute or two, which gave the Pigeon the opportunity of adding, \'You\'re looking for eggs, I know THAT well enough; and.', 'no_image.jpg', 'no_image.jpg', 'no_image.jpg', NULL, '2019-08-08 01:43:45', '2019-08-08 01:43:45', ''),
(30, 'Grass-roots 3rdgeneration installation', 'grass-roots-3rdgeneration-installation', 'Nesciunt est hic assumenda facilis iusto dolores.', 2, 1, 3, '1982-02-17', 4, '359 Lauretta Knolls Apt. 814', '+3988167300564', '+4178787704447', 'rath.bart@example.org', 'http://www.predovic.com/eveniet-pariatur-iste-quas-qui-ut-aut.html', 'ChIJEwYlXLXsoTkRuUBXavgtflI', 'https://www.facebook.com/atque-nisi-et-et-unde-sed-maiores', 'https://www.twitter.com/omnis-ea-doloribus-accusantium-et-officiis-illum-quidem', 'https://www.plus.google.com/vero-omnis-voluptas-voluptatem-nulla-illo-non', 'About Us', 'Hatter. \'You might just as well go in ringlets at all; and I\'m I, and--oh dear, how puzzling it all seemed quite natural); but when the tide rises and sharks are around, His voice has a timid voice.', 'Our Services', 'Dormouse; \'VERY ill.\' Alice tried to fancy to herself what such an extraordinary ways of living would be like, \'--for they haven\'t got much evidence YET,\' she said to herself, and nibbled a little of it?\' said the March Hare. \'Exactly so,\' said.', 'no_image.jpg', 'no_image.jpg', 'no_image.jpg', NULL, '2019-08-08 01:43:45', '2019-08-08 01:43:45', ''),
(31, 'Persevering contextually-based GraphicalUserInterface', 'persevering-contextually-based-graphicaluserinterface', 'Eum mollitia et nemo dolorem.', 2, 2, 4, '1988-06-13', 3, '790 Dickens Stream', '+9066586986877', '+6072967940903', 'oreilly.marina@example.org', 'https://www.dibbert.com/quaerat-molestiae-quos-dolorem-veniam-quis', 'ChIJEwYlXLXsoTkRuUBXavgtflI', 'https://www.facebook.com/qui-nisi-unde-qui-recusandae-quod-distinctio', 'https://www.twitter.com/excepturi-alias-labore-incidunt-consequuntur-alias', 'https://www.plus.google.com/aspernatur-nobis-et-vel-dignissimos-expedita-cumque-nulla-quaerat', 'About Us', 'Cheshire Cat,\' said Alice: \'allow me to him: She gave me a good deal frightened by this very sudden change, but very glad to find my way into a conversation. \'You don\'t know what it was: at first.', 'Our Services', 'I\'ve often seen a cat without a grin,\' thought Alice; \'but a grin without a cat! It\'s the most curious thing I ever saw in my life!\' She had not gone (We know it to be managed? I suppose I ought to go from here?\' \'That depends a good deal until she.', 'no_image.jpg', 'no_image.jpg', 'no_image.jpg', NULL, '2019-08-08 01:43:45', '2019-08-08 01:43:45', ''),
(32, 'Polarised tangible database', 'polarised-tangible-database', 'Voluptatem illo dignissimos eligendi ea amet voluptate voluptas.', 1, 1, 5, '2004-09-17', 2, '50116 Tyler Pines Apt. 517', '+8083000025449', '+5613273120872', 'demetrius.roob@example.com', 'http://schroeder.info/doloribus-fugiat-corporis-dicta-aliquam-hic-ea.html', 'ChIJEwYlXLXsoTkRuUBXavgtflI', 'https://www.facebook.com/porro-non-ullam-exercitationem-sunt-adipisci-explicabo-labore-et', 'https://www.twitter.com/excepturi-itaque-ut-ut-quia', 'https://www.plus.google.com/dolorum-ex-tempore-totam-quia-vel-sit', 'About Us', 'I see\"!\' \'You might just as I\'d taken the highest tree in front of the fact. \'I keep them to sell,\' the Hatter added as an unusually large saucepan flew close by her. There was nothing else to do.', 'Our Services', 'I beat him when he sneezes: He only does it to annoy, Because he knows it teases.\' CHORUS. (In which the cook and the baby joined):-- \'Wow! wow! wow!\' While the Duchess sang the second verse of the song, she kept tossing the baby violently up and.', 'no_image.jpg', 'no_image.jpg', 'no_image.jpg', NULL, '2019-08-08 01:43:45', '2019-08-08 01:43:45', ''),
(33, 'Compatible regional superstructure', 'compatible-regional-superstructure', 'Aut et perspiciatis atque sequi.', 1, 1, 6, '2005-09-10', 5, '383 Carmine Mission Apt. 084', '+2789297153289', '+8024891999358', 'donnelly.braden@example.org', 'http://kuhn.com/qui-animi-impedit-nobis-dolor-quidem-repellat', 'ChIJEwYlXLXsoTkRuUBXavgtflI', 'https://www.facebook.com/odio-veniam-quas-voluptas-alias-voluptatem', 'https://www.twitter.com/pariatur-dolores-ut-nisi-iure-corporis-vel-cum', 'https://www.plus.google.com/et-excepturi-dolorem-quia', 'About Us', 'Alice, and, after glaring at her rather inquisitively, and seemed to have him with them,\' the Mock Turtle sighed deeply, and drew the back of one flapper across his eyes. \'I wasn\'t asleep,\' he said.', 'Our Services', 'It was so long since she had been anything near the right size, that it felt quite strange at first; but she got used to it in a bit.\' \'Perhaps it hasn\'t one,\' Alice ventured to remark. \'Tut, tut, child!\' said the Duchess. \'Everything\'s got a.', 'no_image.jpg', 'no_image.jpg', 'no_image.jpg', NULL, '2019-08-08 01:43:45', '2019-08-08 01:43:45', ''),
(34, 'Exclusive interactive collaboration', 'exclusive-interactive-collaboration', 'Similique inventore qui magnam et iure quaerat quam aut.', 1, 1, 3, '1972-02-17', 4, '46320 Easton Park', '+1369527259176', '+3636276047481', 'hand.jaylon@example.net', 'http://www.thompson.com/magni-ab-ipsum-voluptatum-corporis-sed', 'ChIJEwYlXLXsoTkRuUBXavgtflI', 'https://www.facebook.com/possimus-sit-voluptates-facilis-et-et-voluptatem', 'https://www.twitter.com/omnis-perspiciatis-sit-et-possimus-voluptatem-nobis', 'https://www.plus.google.com/quisquam-quis-et-est-sit-voluptas-sint', 'About Us', 'White Rabbit read out, at the thought that it is!\' As she said this, she came up to the Mock Turtle said: \'advance twice, set to work very diligently to write this down on the top with its wings.', 'Our Services', 'What would become of you? I gave her one, they gave him two, You gave us three or more; They all returned from him to you, Though they were mine before. If I or she should chance to be Involved in this affair, He trusts to you to set them free.', 'no_image.jpg', 'no_image.jpg', 'no_image.jpg', NULL, '2019-08-08 01:43:45', '2019-08-08 01:43:45', ''),
(35, 'Advanced bifurcated blockchain', 'advanced-bifurcated-blockchain', 'Sunt consequuntur harum optio rerum in ipsum.', 2, 2, 1, '1987-05-25', 6, '18443 Jay Expressway Suite 335', '+7379262901458', '+4034594003757', 'lilian71@example.org', 'http://www.metz.com/rerum-accusamus-magnam-dolor-eum-sed.html', 'ChIJEwYlXLXsoTkRuUBXavgtflI', 'https://www.facebook.com/culpa-quaerat-et-optio-officiis-praesentium-dolor-et-suscipit', 'https://www.twitter.com/commodi-voluptate-ipsum-eum-quaerat-ea-eos', 'https://www.plus.google.com/voluptate-quo-voluptas-dolorem-quo', 'About Us', 'It doesn\'t look like one, but it is.\' \'I quite forgot you didn\'t sign it,\' said the Queen, tossing her head on her toes when they liked, and left foot, so as to prevent its undoing itself,) she.', 'Our Services', 'Stop this moment, I tell you!\' But she went on all the same, shedding gallons of tears, until there was a large one, but the three were all crowded together at one corner of it: \'No room! No room!\' they cried out when they saw Alice coming.', 'no_image.jpg', 'no_image.jpg', 'no_image.jpg', NULL, '2019-08-08 01:43:45', '2019-08-08 01:43:45', ''),
(36, 'Synchronised demand-driven alliance', 'synchronised-demand-driven-alliance', 'Nemo est qui minima vitae laborum voluptatum est.', 1, 1, 2, '1994-10-31', 6, '351 Richard Drive Apt. 513', '+4144415328273', '+3412711414392', 'elmo58@example.com', 'http://collins.biz/autem-et-neque-in-adipisci-exercitationem-rem', 'ChIJEwYlXLXsoTkRuUBXavgtflI', 'https://www.facebook.com/dolore-aut-eum-enim-assumenda-magnam-provident-neque', 'https://www.twitter.com/cumque-ipsa-et-omnis-doloremque-reiciendis-illum-similique-distinctio', 'https://www.plus.google.com/ut-ipsam-aperiam-consectetur-aut-voluptas-facere', 'About Us', 'Alice \'without pictures or conversations in it, \'and what is the capital of Rome, and Rome--no, THAT\'S all wrong, I\'m certain! I must be growing small again.\' She got up this morning? I almost wish.', 'Our Services', 'This sounded promising, certainly: Alice turned and came back again. \'Keep your temper,\' said the Caterpillar. Alice said nothing: she had never before seen a rabbit with either a waistcoat-pocket, or a watch to take out of it, and burning with.', 'no_image.jpg', 'no_image.jpg', 'no_image.jpg', NULL, '2019-08-08 01:43:45', '2019-08-08 01:43:45', ''),
(37, 'Mandatory non-volatile hardware', 'mandatory-non-volatile-hardware', 'Ea ut iste error iure quaerat ut.', 2, 1, 4, '1975-01-08', 6, '12498 Ebert Circles Suite 931', '+7313641383572', '+9417272166683', 'syble.hilpert@example.org', 'http://friesen.info/expedita-quos-consequatur-quia-cupiditate-odio', 'ChIJEwYlXLXsoTkRuUBXavgtflI', 'https://www.facebook.com/ut-cupiditate-alias-laudantium-nisi-unde-voluptatum-illum', 'https://www.twitter.com/sed-qui-occaecati-iusto-facere-omnis-in-voluptate-velit', 'https://www.plus.google.com/incidunt-voluptatem-dolorum-non-quo-sit', 'About Us', 'I was a little quicker. \'What a curious dream!\' said Alice, feeling very glad that it was quite pleased to have changed since her swim in the distance. \'And yet what a Gryphon is, look at the other.', 'Our Services', 'Dormouse again, so she began looking at everything about her, to pass away the time. Alice had never been in a court of justice before, but she remembered having seen in her brother\'s Latin Grammar, \'A mouse--of a mouse--to a mouse--a mouse--O.', 'no_image.jpg', 'no_image.jpg', 'no_image.jpg', NULL, '2019-08-08 01:43:45', '2019-08-08 01:43:45', ''),
(38, 'Adaptive upward-trending GraphicInterface', 'adaptive-upward-trending-graphicinterface', 'Voluptatem vel deserunt libero deleniti facilis error.', 1, 2, 4, '1991-02-01', 7, '81995 Alek Crest Apt. 814', '+1091735053253', '+7717761888103', 'caleb26@example.org', 'http://stroman.com/beatae-molestiae-ut-vitae-laborum-sit-pariatur', 'ChIJEwYlXLXsoTkRuUBXavgtflI', 'https://www.facebook.com/ipsam-voluptatem-aut-qui', 'https://www.twitter.com/odit-rerum-qui-velit', 'https://www.plus.google.com/deleniti-qui-laboriosam-velit-voluptates-nihil', 'About Us', 'Alice ventured to remark. \'Tut, tut, child!\' said the Gryphon. \'I\'ve forgotten the words.\' So they couldn\'t see it?\' So she began nursing her child again, singing a sort of thing never happened, and.', 'Our Services', 'ALL RETURNED FROM HIM TO YOU,\"\' said Alice. \'Why, you don\'t even know what a Mock Turtle is.\' \'It\'s the thing Mock Turtle Soup is made from,\' said the Queen. \'It proves nothing of the sort,\' said the Mouse, turning to Alice, and sighing. \'It IS a.', 'no_image.jpg', 'no_image.jpg', 'no_image.jpg', NULL, '2019-08-08 01:43:45', '2019-08-08 01:43:45', ''),
(39, 'Robust actuating workforce', 'robust-actuating-workforce', 'Consequuntur atque eos ipsam ratione.', 2, 2, 2, '1978-10-22', 7, '74701 Hill Glen Suite 206', '+2841635889881', '+1670471971987', 'olson.dean@example.org', 'http://www.fahey.biz/maxime-officia-repellat-eum', 'ChIJEwYlXLXsoTkRuUBXavgtflI', 'https://www.facebook.com/exercitationem-inventore-ut-velit-explicabo-enim-accusamus-atque-sit', 'https://www.twitter.com/vero-eos-quibusdam-ducimus-repellendus-qui', 'https://www.plus.google.com/inventore-aliquam-tenetur-sed-velit-eveniet-officiis', 'About Us', 'However, it was addressed to the other, trying every door, she walked sadly down the chimney as she spoke. Alice did not look at a king,\' said Alice. \'Of course you don\'t!\' the Hatter replied. \'Of.', 'Our Services', 'Alice caught the baby with some difficulty, as it was a queer-shaped little creature, and held out its arms and legs in all directions, tumbling up against each other; however, they got settled down in a minute or two, looking for them, and then.', 'no_image.jpg', 'no_image.jpg', 'no_image.jpg', NULL, '2019-08-08 01:43:45', '2019-08-08 01:43:45', ''),
(40, 'Switchable zerodefect initiative', 'switchable-zerodefect-initiative', 'Ad aut sit provident ut.', 2, 1, 6, '1979-12-06', 6, '543 Rippin Haven Suite 569', '+9465442169547', '+2168146898304', 'ralph.considine@example.org', 'https://blick.info/fuga-sit-et-quo-nesciunt-dolore-velit.html', 'ChIJEwYlXLXsoTkRuUBXavgtflI', 'https://www.facebook.com/quae-eos-eveniet-ex-et-aut-nisi-quis-minima', 'https://www.twitter.com/eos-sint-doloremque-consequatur', 'https://www.plus.google.com/accusamus-repellendus-ratione-consequatur', 'About Us', 'White Rabbit returning, splendidly dressed, with a bound into the wood for fear of killing somebody, so managed to swallow a morsel of the Nile On every golden scale! \'How cheerfully he seems to.', 'Our Services', 'I BEG your pardon!\' she exclaimed in a tone of delight, which changed into alarm in another moment, splash! she was up to her chin in salt water. Her first idea was that she had not noticed before, and behind it was a queer-shaped little creature.', 'no_image.jpg', 'no_image.jpg', 'no_image.jpg', NULL, '2019-08-08 01:43:45', '2019-08-08 01:43:45', ''),
(41, 'Facetoface background groupware', 'facetoface-background-groupware', 'Facilis sit facere aut temporibus molestias exercitationem.', 1, 2, 2, '1971-07-30', 5, '848 Laila Cliff', '+2109502975600', '+8178665848579', 'hudson09@example.org', 'https://www.connelly.com/ducimus-voluptates-repellat-quos-esse-praesentium-veritatis', 'ChIJEwYlXLXsoTkRuUBXavgtflI', 'https://www.facebook.com/consequatur-sint-rerum-aut-eos-nihil', 'https://www.twitter.com/eum-repudiandae-in-eius-facere-eligendi-dolorem', 'https://www.plus.google.com/autem-aspernatur-quisquam-harum', 'About Us', 'Duchess, \'as pigs have to ask the question?\' said the Hatter. \'I told you butter wouldn\'t suit the works!\' he added looking angrily at the bottom of the tea--\' \'The twinkling of the Lobster.', 'Our Services', 'Mock Turtle persisted. \'How COULD he turn them out with his nose, you know?\' \'It\'s the first position in dancing.\' Alice said; but was dreadfully puzzled by the whole thing, and longed to change the subject. \'Go on with the game,\' the Queen said to.', 'no_image.jpg', 'no_image.jpg', 'no_image.jpg', NULL, '2019-08-08 01:43:46', '2019-08-08 01:43:46', ''),
(42, 'Automated background paradigm', 'automated-background-paradigm', 'Quae dignissimos mollitia in eveniet est nostrum.', 1, 1, 1, '1995-06-03', 2, '1525 Dianna Place', '+6565872810048', '+5302267563442', 'jmosciski@example.net', 'http://runte.com/reprehenderit-nemo-expedita-dolor-corrupti-porro-et-autem.html', 'ChIJEwYlXLXsoTkRuUBXavgtflI', 'https://www.facebook.com/ex-quibusdam-quos-quia-omnis', 'https://www.twitter.com/rerum-qui-in-quia-et-quia-eveniet-esse-omnis', 'https://www.plus.google.com/eius-sed-eveniet-voluptatibus-voluptates', 'About Us', 'Off with his head!\"\' \'How dreadfully savage!\' exclaimed Alice. \'That\'s very important,\' the King said gravely, \'and go on with the words a little, \'From the Queen. \'I never went to school in the.', 'Our Services', 'Gryphon. \'Of course,\' the Dodo replied very gravely. \'What else have you got in your pocket?\' he went on, spreading out the verses on his knee, and looking at them with one eye; \'I seem to see some meaning in them, after all. \"--SAID I COULD NOT.', 'no_image.jpg', 'no_image.jpg', 'no_image.jpg', NULL, '2019-08-08 01:43:46', '2019-08-08 01:43:46', ''),
(43, 'Business-focused motivating core', 'business-focused-motivating-core', 'Voluptas omnis doloribus nesciunt.', 2, 1, 5, '1984-04-12', 5, '99729 Shaun Canyon', '+5330558218310', '+2030346079354', 'keely.kerluke@example.org', 'http://herman.com/sit-cumque-cumque-quam.html', 'ChIJEwYlXLXsoTkRuUBXavgtflI', 'https://www.facebook.com/ex-sed-autem-saepe-excepturi-veritatis-eum-voluptatibus', 'https://www.twitter.com/consectetur-quibusdam-sequi-maxime-et-temporibus-esse', 'https://www.plus.google.com/fugit-consectetur-repellendus-repellat-libero-iusto-corrupti-placeat', 'About Us', 'Alice; but she heard was a treacle-well.\' \'There\'s no such thing!\' Alice was beginning to feel very queer to ME.\' \'You!\' said the Queen, who was talking. \'How CAN I have done just as I tell you!\'.', 'Our Services', 'Alice said very humbly; \'I won\'t interrupt again. I dare say there may be ONE.\' \'One, indeed!\' said the Rabbit in a low, trembling voice. \'There\'s more evidence to come yet, please your Majesty,\' said the White Rabbit, who was peeping anxiously.', 'no_image.jpg', 'no_image.jpg', 'no_image.jpg', NULL, '2019-08-08 01:43:46', '2019-08-08 01:43:46', '');
INSERT INTO `businesses` (`id`, `name`, `slug`, `tagline`, `business_type`, `account_type`, `category_id`, `expires_at`, `city_id`, `address`, `contact_one`, `contact_two`, `email`, `website`, `map_id`, `facebook_link`, `twitter_link`, `google_link`, `description_title`, `description`, `services_title`, `services`, `thumbnail`, `profile_pic`, `cover_pic`, `deleted_at`, `created_at`, `updated_at`, `keywords`) VALUES
(44, 'Cloned eco-centric solution', 'cloned-eco-centric-solution', 'Dignissimos error eos tenetur.', 1, 2, 5, '2000-03-19', 5, '3638 Ebert Rest', '+7188281378022', '+1254750807586', 'hveum@example.org', 'http://www.bashirian.com/quos-illum-blanditiis-accusantium-quam-ipsam', 'ChIJEwYlXLXsoTkRuUBXavgtflI', 'https://www.facebook.com/at-qui-sit-omnis-facilis-sint', 'https://www.twitter.com/facilis-placeat-et-quis-mollitia-qui', 'https://www.plus.google.com/autem-sed-et-modi', 'About Us', 'But I\'ve got to go near the house of the shepherd boy--and the sneeze of the suppressed guinea-pigs, filled the air, mixed up with the Queen in a large cat which was a very interesting dance to.', 'Our Services', 'There was a large pool all round her, about four inches deep and reaching half down the hall. After a time she heard a little pattering of footsteps in the distance, sitting sad and lonely on a little ledge of rock, and, as they came nearer, Alice.', 'no_image.jpg', 'no_image.jpg', 'no_image.jpg', NULL, '2019-08-08 01:43:46', '2019-08-08 01:43:46', ''),
(45, 'Programmable object-oriented portal', 'programmable-object-oriented-portal', 'Voluptas et sed unde voluptate amet.', 1, 1, 4, '1977-04-23', 2, '25079 Ron Isle', '+5219487050887', '+2519791228939', 'buck.ratke@example.com', 'http://www.ledner.biz/vel-dolores-eveniet-enim-perspiciatis-doloremque-ut-ut', 'ChIJEwYlXLXsoTkRuUBXavgtflI', 'https://www.facebook.com/dolorem-quos-aspernatur-consequatur-quibusdam-assumenda', 'https://www.twitter.com/molestiae-dignissimos-mollitia-eaque-quia', 'https://www.plus.google.com/praesentium-fugit-illum-fuga-aut', 'About Us', 'At last the Caterpillar seemed to be in before the trial\'s begun.\' \'They\'re putting down their names,\' the Gryphon whispered in reply, \'for fear they should forget them before the officer could get.', 'Our Services', 'Alice quite hungry to look at them--\'I wish they\'d get the trial done,\' she thought, \'and hand round the refreshments!\' But there seemed to be no chance of getting her hands up to her chin in salt water. Her first idea was that she had never been.', 'no_image.jpg', 'no_image.jpg', 'no_image.jpg', NULL, '2019-08-08 01:43:46', '2019-08-08 01:43:46', ''),
(46, 'Innovative global infrastructure', 'innovative-global-infrastructure', 'A sint harum unde at maxime consequatur.', 1, 1, 1, '2006-07-24', 3, '39891 Mertie Views Suite 040', '+4503700880817', '+1607722692158', 'ritchie.araceli@example.com', 'http://gaylord.com/voluptatem-laborum-tempore-expedita-quia-vel-nihil.html', 'ChIJEwYlXLXsoTkRuUBXavgtflI', 'https://www.facebook.com/cupiditate-provident-odit-nesciunt-est-vel-est', 'https://www.twitter.com/est-enim-odit-expedita-qui', 'https://www.plus.google.com/ut-nostrum-rem-similique-est-et-aut-voluptate', 'About Us', 'Alice, \'and if it had come back again, and all sorts of things--I can\'t remember half of fright and half of them--and it belongs to a mouse: she had a large one, but it was only the pepper that had.', 'Our Services', 'Pigeon. \'I\'m NOT a serpent!\' said Alice indignantly. \'Ah! then yours wasn\'t a really good school,\' said the Mock Turtle. \'And how did you manage to do it?\' \'In my youth,\' said his father, \'I took to the law, And argued each case with my wife; And.', 'no_image.jpg', 'no_image.jpg', 'no_image.jpg', NULL, '2019-08-08 01:43:46', '2019-08-08 01:43:46', ''),
(47, 'Inverse tangible attitude', 'inverse-tangible-attitude', 'Nesciunt omnis magnam repudiandae corporis.', 2, 2, 1, '1988-10-23', 4, '8783 Jerde Mount', '+7289390194424', '+1491419341931', 'preilly@example.net', 'https://www.kovacek.net/aut-id-illo-tenetur-sequi-ipsam-illo-quia', 'ChIJEwYlXLXsoTkRuUBXavgtflI', 'https://www.facebook.com/cupiditate-suscipit-est-eveniet-expedita-omnis-omnis-accusantium-est', 'https://www.twitter.com/eveniet-accusantium-ipsa-impedit-voluptatum', 'https://www.plus.google.com/et-qui-quia-aut-similique-odit-molestiae', 'About Us', 'Coils.\' \'What was that?\' inquired Alice. \'Reeling and Writhing, of course, to begin with,\' the Mock Turtle. \'Certainly not!\' said Alice to herself. \'Of the mushroom,\' said the young Crab, a little.', 'Our Services', 'THESE?\' said the Queen, \'and take this young lady to see the Mock Turtle, \'Drive on, old fellow! Don\'t be all day about it!\' and he went on again:-- \'You may not have lived much under the sea--\' (\'I haven\'t,\' said Alice)--\'and perhaps you were.', 'no_image.jpg', 'no_image.jpg', 'no_image.jpg', NULL, '2019-08-08 01:43:46', '2019-08-08 01:43:46', ''),
(48, 'Implemented client-server service-desk', 'implemented-client-server-service-desk', 'Sint cumque omnis provident voluptates nobis nulla qui.', 1, 2, 1, '2013-04-23', 4, '25190 Miracle Landing Apt. 008', '+5426680618248', '+1365970996464', 'alakin@example.com', 'http://schmidt.info/facere-nemo-perspiciatis-repudiandae-consectetur-neque-nihil', 'ChIJEwYlXLXsoTkRuUBXavgtflI', 'https://www.facebook.com/quasi-molestiae-animi-veniam-quaerat-reiciendis-qui-exercitationem', 'https://www.twitter.com/animi-maiores-in-neque-eaque-error-reiciendis', 'https://www.plus.google.com/eius-ipsam-et-necessitatibus', 'About Us', 'The Mouse looked at Alice, as she could. The next thing is, to get through was more hopeless than ever: she sat still just as the other.\' As soon as it settled down in a court of justice before, but.', 'Our Services', 'Alice heard the Rabbit say, \'A barrowful will do, to begin with.\' \'A barrowful of WHAT?\' thought Alice to herself. \'Shy, they seem to put everything upon Bill! I wouldn\'t be in Bill\'s place for a good deal: this fireplace is narrow, to be sure; but.', 'no_image.jpg', 'no_image.jpg', 'no_image.jpg', NULL, '2019-08-08 01:43:46', '2019-08-08 01:43:46', ''),
(49, 'Fully-configurable discrete analyzer', 'fully-configurable-discrete-analyzer', 'Aperiam pariatur rerum qui aspernatur accusantium ullam ipsa dolorem.', 1, 1, 4, '2005-12-29', 7, '26315 Verona Lane Suite 095', '+4937258824752', '+4359385936559', 'bert.lowe@example.com', 'http://www.connelly.net/enim-aut-commodi-reprehenderit-est-reprehenderit-modi-quisquam', 'ChIJEwYlXLXsoTkRuUBXavgtflI', 'https://www.facebook.com/eos-non-ducimus-et-est-ut-veritatis', 'https://www.twitter.com/in-rerum-minima-assumenda-commodi-et-ducimus-dolorem-mollitia', 'https://www.plus.google.com/incidunt-rerum-ex-eum', 'About Us', 'I could, if I shall have some fun now!\' thought Alice. \'I\'m glad they\'ve begun asking riddles.--I believe I can creep under the window, and on both sides at once. \'Give your evidence,\' the King.', 'Our Services', 'King. \'When did you begin?\' The Hatter looked at the sides of the well, and noticed that they were filled with cupboards and book-shelves; here and there she saw maps and pictures hung upon pegs. She took down a jar from one of the trees had a door.', 'no_image.jpg', 'no_image.jpg', 'no_image.jpg', NULL, '2019-08-08 01:43:46', '2019-08-08 01:43:46', ''),
(50, 'Streamlined dedicated alliance', 'streamlined-dedicated-alliance', 'Pariatur perferendis non qui culpa ea numquam.', 1, 1, 5, '2019-07-02', 3, '59691 Melissa Village', '+9800625927807', '+2914028164472', 'isaias00@example.net', 'http://wisozk.com/', 'ChIJEwYlXLXsoTkRuUBXavgtflI', 'https://www.facebook.com/non-deleniti-itaque-vitae-autem-velit-perspiciatis', 'https://www.twitter.com/fugiat-explicabo-molestiae-praesentium-sit', 'https://www.plus.google.com/laudantium-tempora-non-placeat-quas', 'About Us', 'The Hatter was the Rabbit noticed Alice, as the doubled-up soldiers were silent, and looked at poor Alice, that she could not stand, and she heard the King said to Alice, she went on, spreading out.', 'Our Services', 'Dormouse began in a loud, indignant voice, but she stopped hastily, for the White Rabbit read out, at the top of her head to feel which way it was growing, and she was quite silent for a minute, trying to make out which were the two sides of it.', 'no_image.jpg', 'no_image.jpg', 'no_image.jpg', NULL, '2019-08-08 01:43:46', '2019-08-08 01:43:46', ''),
(51, 'Business-focused needs-based complexity', 'business-focused-needs-based-complexity', 'Qui deleniti laudantium dolorum velit.', 2, 1, 6, '1989-09-14', 3, '266 Lindgren Manors', '+1198346216282', '+9680567721245', 'alysson.cremin@example.com', 'http://hirthe.biz/repellat-deleniti-est-commodi-iusto-qui-ipsam-alias-aut', 'ChIJEwYlXLXsoTkRuUBXavgtflI', 'https://www.facebook.com/esse-qui-commodi-velit-iusto-maxime-sed-in', 'https://www.twitter.com/incidunt-unde-aut-voluptatem-ipsum-molestias', 'https://www.plus.google.com/voluptas-in-corporis-sunt-sunt-temporibus-est-et-et', 'About Us', 'CAN have happened to me! When I used to know. Let me think: was I the same thing a bit!\' said the Dormouse. \'Don\'t talk nonsense,\' said Alice sadly. \'Hand it over afterwards, it occurred to her.', 'Our Services', 'Alice\'s elbow was pressed hard against it, that attempt proved a failure. Alice heard it say to itself \'Then I\'ll go round and get in at the window, and on it (as she had hoped) a fan and two or three pairs of tiny white kid gloves: she took up the.', 'no_image.jpg', 'no_image.jpg', 'no_image.jpg', NULL, '2019-08-08 01:43:46', '2019-08-08 01:43:46', ''),
(52, 'Reduced encompassing orchestration', 'reduced-encompassing-orchestration', 'Dicta porro autem perferendis harum soluta possimus.', 2, 1, 2, '2013-08-28', 5, '900 Verda Fields', '+4233654776647', '+9771119809794', 'jo71@example.net', 'http://zemlak.com/commodi-qui-eveniet-minus.html', 'ChIJEwYlXLXsoTkRuUBXavgtflI', 'https://www.facebook.com/rerum-ea-qui-ea-aut', 'https://www.twitter.com/sapiente-ex-inventore-temporibus-soluta-id-voluptatem-magni', 'https://www.plus.google.com/laborum-quia-eos-dolor-cumque', 'About Us', 'Hatter. \'You MUST remember,\' remarked the King, rubbing his hands; \'so now let the jury--\' \'If any one left alive!\' She was walking by the fire, licking her paws and washing her face--and she is of.', 'Our Services', 'Silence all round, if you please! \"William the Conqueror, whose cause was favoured by the pope, was soon submitted to by the English, who wanted leaders, and had been of late much accustomed to usurpation and conquest. Edwin and Morcar, the earls.', 'no_image.jpg', 'no_image.jpg', 'no_image.jpg', NULL, '2019-08-08 01:43:46', '2019-08-08 01:43:46', ''),
(53, 'Cloned high-level project', 'cloned-high-level-project', 'Vel quibusdam dolorem ad porro.', 2, 2, 3, '1979-11-20', 7, '281 Frieda Inlet Apt. 654', '+9750601046223', '+8711601483713', 'xbernier@example.com', 'http://www.daugherty.info/sint-sit-eum-doloremque-dolores-libero.html', 'ChIJEwYlXLXsoTkRuUBXavgtflI', 'https://www.facebook.com/quia-fugit-quisquam-officiis-quia-dignissimos', 'https://www.twitter.com/ea-modi-quia-molestiae-voluptas-voluptatem-natus', 'https://www.plus.google.com/totam-voluptas-corporis-voluptatum-unde-deserunt-molestiae-a-quas', 'About Us', 'Bill\'s place for a rabbit! I suppose it doesn\'t matter much,\' thought Alice, \'as all the while, till at last it unfolded its arms, took the watch and looked at poor Alice, \'it would have done just.', 'Our Services', 'I think.\' And she began thinking over all the children she knew that were of the same age as herself, to see if there were any tears. No, there were no arches left, and all the players, except the King, the Queen, and in his confusion he bit a.', 'no_image.jpg', 'no_image.jpg', 'no_image.jpg', NULL, '2019-08-08 01:43:46', '2019-08-08 01:43:46', ''),
(54, 'Right-sized attitude-oriented contingency', 'right-sized-attitude-oriented-contingency', 'Eligendi quibusdam et mollitia ut unde aliquid voluptatem enim.', 2, 1, 1, '2003-05-15', 6, '8098 Schaefer Well', '+3733453214672', '+4347749866909', 'melody.blick@example.net', 'http://rippin.com/ea-aut-sunt-dolore-voluptas-magni.html', 'ChIJEwYlXLXsoTkRuUBXavgtflI', 'https://www.facebook.com/sed-excepturi-at-earum-sequi-doloribus-sequi-sunt', 'https://www.twitter.com/magni-et-distinctio-voluptatibus-delectus-consequatur-voluptates', 'https://www.plus.google.com/ullam-commodi-eum-architecto-porro', 'About Us', 'Gryphon whispered in reply, \'for fear they should forget them before the end of his shrill little voice, the name of nearly everything there. \'That\'s the reason so many out-of-the-way things to.', 'Our Services', 'Queen, turning purple. \'I won\'t!\' said Alice. \'Off with her head!\' about once in a minute. Alice began to feel very uneasy: to be sure, this generally happens when one eats cake, but Alice had got so much into the way of expecting nothing but.', 'no_image.jpg', 'no_image.jpg', 'no_image.jpg', NULL, '2019-08-08 01:43:46', '2019-08-08 01:43:46', ''),
(55, 'Organic full-range product', 'organic-full-range-product', 'Voluptatum laborum quod est sed voluptatem eaque.', 2, 1, 6, '2005-06-05', 7, '8876 Melvin Passage', '+6060616589971', '+1571892879400', 'rhea.marks@example.org', 'http://lockman.com/', 'ChIJEwYlXLXsoTkRuUBXavgtflI', 'https://www.facebook.com/fugiat-rerum-dicta-quisquam-dolorum-earum', 'https://www.twitter.com/consequatur-aliquid-eum-sit-dolores-qui', 'https://www.plus.google.com/aut-distinctio-qui-ut-perferendis-voluptas-libero-et', 'About Us', 'Queen was to find that she wasn\'t a really good school,\' said the Queen, who was peeping anxiously into her head. \'If I eat one of them.\' In another moment down went Alice after it, \'Mouse dear! Do.', 'Our Services', 'Gryphon whispered in reply, \'for fear they should forget them before the end of every line: \'Speak roughly to your little boy, And beat him when he sneezes; For he can thoroughly enjoy The pepper when he pleases!\' CHORUS. \'Wow! wow! wow!\' While the.', 'no_image.jpg', 'no_image.jpg', 'no_image.jpg', NULL, '2019-08-08 01:43:47', '2019-08-08 01:43:47', ''),
(56, 'Cross-platform 6thgeneration leverage', 'cross-platform-6thgeneration-leverage', 'Tempore consequatur illo quia consequatur ex doloremque tempora.', 2, 1, 5, '2000-09-06', 3, '200 Leanne Parkway Suite 735', '+2684803180470', '+5288393790578', 'magali41@example.org', 'https://christiansen.com/neque-praesentium-et-sunt-doloremque-et-dolore-blanditiis.html', 'ChIJEwYlXLXsoTkRuUBXavgtflI', 'https://www.facebook.com/sint-dolores-quo-maiores-sed-aut', 'https://www.twitter.com/laudantium-cupiditate-aut-iusto-et-quia', 'https://www.plus.google.com/sed-est-sed-earum-error-laborum', 'About Us', 'And so it was all ridges and furrows; the balls were live hedgehogs, the mallets live flamingoes, and the Queen, who was gently brushing away some dead leaves that had made the whole thing, and she.', 'Our Services', 'She said this last word two or three pairs of tiny white kid gloves: she took up the fan and gloves. \'How queer it seems,\' Alice said to herself, and began by taking the little golden key, and Alice\'s first thought was that it might be hungry, in.', 'no_image.jpg', 'no_image.jpg', 'no_image.jpg', NULL, '2019-08-08 01:43:47', '2019-08-08 01:43:47', ''),
(57, 'Persistent 5thgeneration processimprovement', 'persistent-5thgeneration-processimprovement', 'Laboriosam omnis quo sint placeat.', 1, 1, 5, '2001-07-15', 4, '78021 Margarita Rest Apt. 109', '+3674403166827', '+5716816616448', 'jakubowski.chance@example.com', 'https://www.tromp.org/quidem-voluptatem-repellendus-laborum-id-labore-sapiente-neque', 'ChIJEwYlXLXsoTkRuUBXavgtflI', 'https://www.facebook.com/necessitatibus-dolor-aut-mollitia-modi-deleniti-doloribus', 'https://www.twitter.com/assumenda-eum-dolore-laborum-dolorem-iusto', 'https://www.plus.google.com/et-quaerat-ipsa-quia-quas-omnis-dolorem', 'About Us', 'Mock Turtle went on, looking anxiously about as it happens; and if it wasn\'t trouble enough hatching the eggs,\' said the Queen, turning purple. \'I won\'t!\' said Alice. \'You are,\' said the Hatter. \'I.', 'Our Services', 'French lesson-book. The Mouse gave a sudden leap out of the house of the March Hare. Alice sighed wearily. \'I think you might do something better with the time,\' she said, \'than waste it in asking riddles that have no answers.\' \'If you knew Time as.', 'no_image.jpg', 'no_image.jpg', 'no_image.jpg', NULL, '2019-08-08 01:43:47', '2019-08-08 01:43:47', ''),
(58, 'Ergonomic eco-centric circuit', 'ergonomic-eco-centric-circuit', 'Maiores omnis quia quae.', 2, 1, 3, '1999-02-26', 4, '794 Bret Walks Apt. 422', '+4761951775597', '+4181586074871', 'rpowlowski@example.com', 'http://green.com/', 'ChIJEwYlXLXsoTkRuUBXavgtflI', 'https://www.facebook.com/et-illo-autem-debitis-rerum-temporibus', 'https://www.twitter.com/sint-voluptate-fuga-alias-eaque-et', 'https://www.plus.google.com/omnis-unde-voluptatem-eligendi-laboriosam-architecto-debitis-aut-consequuntur', 'About Us', 'The moment Alice felt a violent shake at the March Hare had just upset the week before. \'Oh, I beg your pardon!\' she exclaimed in a voice of the water, and seemed not to lie down on one knee. \'I\'m a.', 'Our Services', 'And yet I wish I could show you our cat Dinah: I think you\'d take a fancy to cats if you were me?\' \'Well, perhaps not,\' said Alice in a soothing tone: \'don\'t be angry about it. And yet I don\'t know,\' he went on, spreading out the verses on his.', 'no_image.jpg', 'no_image.jpg', 'no_image.jpg', NULL, '2019-08-08 01:43:47', '2019-08-08 01:43:47', ''),
(59, 'Re-engineered web-enabled challenge', 're-engineered-web-enabled-challenge', 'Nihil recusandae et velit aut excepturi veritatis.', 2, 2, 2, '1992-03-31', 5, '259 Koepp Hills', '+7131972733789', '+7262580360273', 'geovanny.stehr@example.net', 'http://douglas.com/provident-explicabo-eos-eos-odio-facere-quas', 'ChIJEwYlXLXsoTkRuUBXavgtflI', 'https://www.facebook.com/assumenda-sed-et-quisquam-omnis-ut', 'https://www.twitter.com/corrupti-numquam-voluptatem-tempora-mollitia-ratione', 'https://www.plus.google.com/aspernatur-saepe-aut-beatae-a-aperiam-placeat-eum', 'About Us', 'Duchess, the Duchess! Oh! won\'t she be savage if I\'ve been changed for any lesson-books!\' And so it was quite tired and out of sight. Alice remained looking thoughtfully at the other birds tittered.', 'Our Services', 'They\'re dreadfully fond of beheading people here; the great wonder is, that there\'s any one left alive!\' She was looking about for some way of escape, and wondering whether she could get away without being seen, when she noticed a curious.', 'no_image.jpg', 'no_image.jpg', 'no_image.jpg', NULL, '2019-08-08 01:43:47', '2019-08-08 01:43:47', ''),
(60, 'Progressive tertiary matrices', 'progressive-tertiary-matrices', 'Cum excepturi ut nesciunt temporibus ex provident.', 1, 1, 2, '1996-03-07', 6, '199 Bahringer Field', '+1760960236142', '+5622580221851', 'stoltenberg.beryl@example.net', 'http://www.marks.info/perspiciatis-doloremque-nisi-qui-dolorem', 'ChIJEwYlXLXsoTkRuUBXavgtflI', 'https://www.facebook.com/ducimus-minus-ratione-beatae', 'https://www.twitter.com/ea-ex-similique-veritatis-et-nihil-vel-saepe', 'https://www.plus.google.com/incidunt-occaecati-quia-possimus-dignissimos', 'About Us', 'Alice thought), and it put the Lizard as she could, and soon found out that it was all ridges and furrows; the balls were live hedgehogs, the mallets live flamingoes, and the shrill voice of the.', 'Our Services', 'But she waited patiently. \'Once,\' said the Mock Turtle. \'No, no! The adventures first,\' said the Gryphon hastily. \'Go on with the game,\' the Queen said to Alice; and Alice was a good deal worse off than before, as the March Hare said in an.', 'no_image.jpg', 'no_image.jpg', 'no_image.jpg', NULL, '2019-08-08 01:43:47', '2019-08-08 01:43:47', ''),
(61, 'Compatible optimizing parallelism', 'compatible-optimizing-parallelism', 'Et et voluptatem consequatur culpa.', 2, 2, 2, '1998-12-04', 7, '89805 Brandon Cliffs Apt. 280', '+7802101275082', '+6393453339426', 'betty47@example.org', 'http://www.farrell.info/', 'ChIJEwYlXLXsoTkRuUBXavgtflI', 'https://www.facebook.com/accusamus-est-excepturi-et-quaerat-porro-eaque-totam', 'https://www.twitter.com/est-amet-quibusdam-architecto', 'https://www.plus.google.com/aut-tempore-sint-et-facilis-eos-dicta', 'About Us', 'Five. \'I heard the King sharply. \'Do you take me for his housemaid,\' she said to live. \'I\'ve seen hatters before,\' she said to the shore, and then quietly marched off after the rest of the baby?\'.', 'Our Services', 'Tortoise because he taught us,\' said the Mock Turtle. \'Seals, turtles, salmon, and so on; then, when you\'ve cleared all the jelly-fish out of the room again, no wonder she felt unhappy. \'It was much pleasanter at home,\' thought poor Alice, \'it.', 'no_image.jpg', 'no_image.jpg', 'no_image.jpg', NULL, '2019-08-08 01:43:47', '2019-08-08 01:43:47', ''),
(62, 'Compatible transitional projection', 'compatible-transitional-projection', 'Id id delectus quia ullam natus aut aliquam.', 1, 1, 5, '1995-05-02', 2, '8367 Koelpin Curve Apt. 517', '+1576935457099', '+3306673877009', 'vita.hayes@example.net', 'http://www.will.com/', 'ChIJEwYlXLXsoTkRuUBXavgtflI', 'https://www.facebook.com/quos-quidem-odit-autem-exercitationem-ad', 'https://www.twitter.com/illum-facilis-mollitia-illum-voluptatum-sint', 'https://www.plus.google.com/ad-ut-unde-suscipit-excepturi-aut', 'About Us', 'Dormouse, who was gently brushing away some dead leaves that had slipped in like herself. \'Would it be of any good reason, and as the doubled-up soldiers were always getting up and ran off, thinking.', 'Our Services', 'For really this morning I\'ve nothing to do.\" Said the mouse to the cur, \"Such a trial, dear Sir, With no jury or judge, would be wasting our breath.\" \"I\'ll be judge, I\'ll be jury,\" Said cunning old Fury: \"I\'ll try the whole cause, and condemn you.', 'no_image.jpg', 'no_image.jpg', 'no_image.jpg', NULL, '2019-08-08 01:43:47', '2019-08-08 01:43:47', ''),
(63, 'Streamlined client-driven leverage', 'streamlined-client-driven-leverage', 'Officiis fugiat eum est deserunt.', 2, 1, 3, '1984-10-10', 7, '569 Omer Mountains Apt. 676', '+9574840845699', '+9220874805313', 'treutel.sarah@example.org', 'http://hirthe.com/porro-officiis-culpa-atque-nostrum.html', 'ChIJEwYlXLXsoTkRuUBXavgtflI', 'https://www.facebook.com/aut-dignissimos-debitis-sit-amet-eligendi-quia-iusto', 'https://www.twitter.com/officiis-repellat-qui-enim-nostrum-qui-voluptatum', 'https://www.plus.google.com/sequi-qui-sit-occaecati-et', 'About Us', 'Rabbit began. Alice thought to herself. \'Shy, they seem to dry me at all.\' \'In that case,\' said the Queen. \'I never could abide figures!\' And with that she had peeped into the air, mixed up with the.', 'Our Services', 'Alice to herself, as she swam lazily about in the pool as it went. So she called softly after it, \'Mouse dear! Do come back again, and looking anxiously about her. \'Oh, do let me help to undo it!\' \'I shall do nothing of the sort!\' said Alice. \'Why.', 'no_image.jpg', 'no_image.jpg', 'no_image.jpg', NULL, '2019-08-08 01:43:47', '2019-08-08 01:43:47', ''),
(64, 'Down-sized leadingedge hardware', 'down-sized-leadingedge-hardware', 'Laborum aliquam fugit repudiandae dolor.', 2, 2, 5, '2015-03-16', 2, '215 Kutch Parkways Apt. 690', '+9128599086204', '+1862705650605', 'sawayn.carmine@example.net', 'http://gibson.org/magni-asperiores-alias-modi-molestias-nihil-animi', 'ChIJEwYlXLXsoTkRuUBXavgtflI', 'https://www.facebook.com/architecto-quis-cupiditate-voluptas-sed-beatae-enim', 'https://www.twitter.com/cumque-minus-rem-et-et-et', 'https://www.plus.google.com/voluptate-aut-omnis-explicabo-architecto-ad-voluptas-deserunt', 'About Us', 'The poor little Lizard, Bill, was in livery: otherwise, judging by his garden, and I don\'t know what to do it.\' (And, as you say pig, or fig?\' said the Footman, \'and that for the fan and a Dodo, a.', 'Our Services', 'Hatter went on, looking anxiously round to see if she meant to take the hint; but the cook was leaning over the fire, stirring a large cauldron which seemed to Alice an excellent opportunity for croqueting one of them didn\'t know how to spell.', 'no_image.jpg', 'no_image.jpg', 'no_image.jpg', NULL, '2019-08-08 01:43:47', '2019-08-08 01:43:47', ''),
(65, 'Public-key solution-oriented methodology', 'public-key-solution-oriented-methodology', 'Culpa illo unde et unde esse animi quos.', 2, 2, 1, '2015-07-06', 6, '643 Stehr Pass', '+3129307149823', '+2033741288408', 'zoie48@example.net', 'http://treutel.com/explicabo-debitis-delectus-enim-molestias-a-repudiandae-a', 'ChIJEwYlXLXsoTkRuUBXavgtflI', 'https://www.facebook.com/dignissimos-explicabo-modi-debitis-maxime-a-omnis-debitis', 'https://www.twitter.com/culpa-aut-et-sunt-dolores-et-iusto', 'https://www.plus.google.com/ut-rerum-libero-saepe-ab-est', 'About Us', 'I BEG your pardon!\' cried Alice (she was obliged to say \'Drink me,\' but the Gryphon said to the door, and the roof bear?--Mind that loose slate--Oh, it\'s coming down! Heads below!\' (a loud.', 'Our Services', 'Why, I wouldn\'t say anything about it, even if I fell off the top of his shrill little voice, the name \'Alice!\' CHAPTER XII. Alice\'s Evidence \'Here!\' cried Alice, quite forgetting in the flurry of the moment how large she had grown in the last few.', 'no_image.jpg', 'no_image.jpg', 'no_image.jpg', NULL, '2019-08-08 01:43:47', '2019-08-08 01:43:47', ''),
(66, 'Reactive reciprocal data-warehouse', 'reactive-reciprocal-data-warehouse', 'Quia libero adipisci enim rerum.', 1, 2, 1, '1970-08-13', 6, '6569 Reagan Motorway', '+5241009959235', '+1615177922348', 'sstoltenberg@example.net', 'http://kertzmann.info/dolores-ipsum-similique-sint-aut-id', 'ChIJEwYlXLXsoTkRuUBXavgtflI', 'https://www.facebook.com/et-nemo-ullam-voluptates', 'https://www.twitter.com/dolore-recusandae-at-molestiae-ducimus', 'https://www.plus.google.com/omnis-numquam-quasi-dolores-sequi-cumque-ducimus-animi', 'About Us', 'I got up this morning, but I grow up, I\'ll write one--but I\'m grown up now,\' she added in an impatient tone: \'explanations take such a curious appearance in the pool, \'and she sits purring so nicely.', 'Our Services', 'King. \'I can\'t go no lower,\' said the Hatter: \'it\'s very easy to take MORE than nothing.\' \'Nobody asked YOUR opinion,\' said Alice. \'Who\'s making personal remarks now?\' the Hatter asked triumphantly. Alice did not dare to disobey, though she felt.', 'no_image.jpg', 'no_image.jpg', 'no_image.jpg', NULL, '2019-08-08 01:43:47', '2019-08-08 01:43:47', ''),
(67, 'Universal web-enabled throughput', 'universal-web-enabled-throughput', 'Et blanditiis sit quia fuga.', 2, 2, 6, '1974-04-13', 6, '887 Romaguera Ferry Apt. 716', '+2282467934962', '+1327863717346', 'schaden.mack@example.com', 'http://king.com/aut-provident-consequatur-earum-sunt.html', 'ChIJEwYlXLXsoTkRuUBXavgtflI', 'https://www.facebook.com/voluptatem-qui-iusto-corporis-fugit-distinctio-velit', 'https://www.twitter.com/velit-assumenda-officiis-vero-consectetur-neque-eos', 'https://www.plus.google.com/veniam-illo-deleniti-asperiores-qui-iure', 'About Us', 'Alice, quite forgetting in the back. However, it was empty: she did it so quickly that the hedgehog had unrolled itself, and began talking to him,\' said Alice aloud, addressing nobody in particular.', 'Our Services', 'The Mouse did not answer, so Alice went on eagerly. \'That\'s enough about lessons,\' the Gryphon interrupted in a very humble tone, going down on one knee as he spoke, \'we were trying--\' \'I see!\' said the Queen, turning purple. \'I won\'t!\' said Alice.', 'no_image.jpg', 'no_image.jpg', 'no_image.jpg', NULL, '2019-08-08 01:43:47', '2019-08-08 01:43:47', ''),
(68, 'Managed high-level collaboration', 'managed-high-level-collaboration', 'Voluptatibus odit ipsa praesentium eveniet.', 1, 2, 4, '2011-07-28', 2, '543 McDermott Extensions', '+9357132611430', '+1627561360348', 'zion96@example.net', 'https://www.lemke.biz/eum-aut-adipisci-nihil-omnis-quo-vitae-deserunt', 'ChIJEwYlXLXsoTkRuUBXavgtflI', 'https://www.facebook.com/eveniet-tempore-rem-ut-nihil-nesciunt-molestiae', 'https://www.twitter.com/aspernatur-similique-tenetur-veniam-ut-omnis-odio', 'https://www.plus.google.com/explicabo-aspernatur-iure-optio-tempora-aperiam', 'About Us', 'King repeated angrily, \'or I\'ll have you got in your knocking,\' the Footman continued in the sand with wooden spades, then a great deal too flustered to tell its age, there was generally a frog or a.', 'Our Services', 'QUITE as much use in the trial one way up as the other.\' As soon as she had nothing else to say but \'It belongs to the Duchess: you\'d better ask HER about it.\' \'She\'s in prison,\' the Queen said to the Knave of Hearts, he stole those tarts, And took.', 'no_image.jpg', 'no_image.jpg', 'no_image.jpg', NULL, '2019-08-08 01:43:47', '2019-08-08 01:43:47', ''),
(69, 'Public-key zerodefect forecast', 'public-key-zerodefect-forecast', 'Eveniet saepe facilis omnis debitis.', 2, 1, 1, '1988-09-06', 2, '85161 Magnolia Divide', '+7077330764200', '+1845906766164', 'ckassulke@example.net', 'http://schinner.com/', 'ChIJEwYlXLXsoTkRuUBXavgtflI', 'https://www.facebook.com/eveniet-veniam-dignissimos-est-et-explicabo-dolorem', 'https://www.twitter.com/repellendus-modi-est-odio-quia-quia', 'https://www.plus.google.com/aut-ut-iste-vel-magnam-eligendi-laborum-quia', 'About Us', 'I should be like then?\' And she went on to the whiting,\' said Alice, (she had grown in the sun. (IF you don\'t like them!\' When the pie was all about, and shouting \'Off with her face brightened up at.', 'Our Services', 'Shakespeare, in the pictures of him), while the rest of it had gone. \'Well! I\'ve often seen a cat without a grin,\' thought Alice; \'but a grin without a cat! It\'s the most curious thing I ever saw in my life!\' She had not gone far before they saw.', 'no_image.jpg', 'no_image.jpg', 'no_image.jpg', NULL, '2019-08-08 01:43:48', '2019-08-08 01:43:48', ''),
(70, 'Distributed methodical data-warehouse', 'distributed-methodical-data-warehouse', 'Omnis qui voluptate beatae sed aut.', 1, 1, 6, '1984-09-07', 7, '3567 Luettgen Manor', '+8751045264738', '+1970834849901', 'thane@example.net', 'https://www.huel.biz/voluptatem-vitae-rerum-minus-neque', 'ChIJEwYlXLXsoTkRuUBXavgtflI', 'https://www.facebook.com/nobis-dolor-accusamus-et-ut-quis-cum-quia', 'https://www.twitter.com/cupiditate-impedit-et-aut-eos-et-sunt-excepturi-quia', 'https://www.plus.google.com/consequatur-eum-quam-sunt-ex', 'About Us', 'Rabbit, and had to ask help of any that do,\' Alice said nothing; she had read about them in books, and she heard a voice she had gone through that day. \'That PROVES his guilt,\' said the Caterpillar.', 'Our Services', 'King was the White Rabbit, trotting slowly back again, and looking anxiously about her. \'Oh, do let me help to undo it!\' \'I shall do nothing of the sort,\' said the Mouse, frowning, but very politely: \'Did you speak?\' \'Not I!\' said the Lory hastily.', 'no_image.jpg', 'no_image.jpg', 'no_image.jpg', NULL, '2019-08-08 01:43:48', '2019-08-08 01:43:48', ''),
(71, 'Triple-buffered 24hour toolset', 'triple-buffered-24hour-toolset', 'Dolor quo quae voluptatum officia quia unde quasi deleniti.', 2, 1, 3, '1997-04-05', 7, '690 Janie Roads Apt. 036', '+7472166582637', '+8211226139308', 'aniya.bauch@example.com', 'http://www.carter.com/minima-doloremque-et-dignissimos-suscipit', 'ChIJEwYlXLXsoTkRuUBXavgtflI', 'https://www.facebook.com/ratione-autem-sed-odio-rerum-et-voluptatum', 'https://www.twitter.com/esse-iusto-itaque-iste-excepturi-veritatis-minus', 'https://www.plus.google.com/consequatur-sed-quod-et-itaque', 'About Us', 'The King and the three gardeners, oblong and flat, with their heads!\' and the blades of grass, but she remembered trying to put down her flamingo, and began by producing from under his arm a great.', 'Our Services', 'Hatter, it woke up again with a little shriek, and went on: \'--that begins with an M, such as mouse-traps, and the moon, and memory, and muchness--you know you say things are \"much of a muchness\"--did you ever see such a thing before, but she.', 'no_image.jpg', 'no_image.jpg', 'no_image.jpg', NULL, '2019-08-08 01:43:48', '2019-08-08 01:43:48', ''),
(72, 'Streamlined optimal encoding', 'streamlined-optimal-encoding', 'Culpa voluptatem nihil quos reprehenderit hic.', 2, 2, 3, '1985-11-17', 6, '8138 Tromp Row Suite 591', '+9521168369435', '+9381236660899', 'rogahn.albin@example.com', 'https://www.waters.com/sit-omnis-pariatur-laboriosam-id-et-ut-est', 'ChIJEwYlXLXsoTkRuUBXavgtflI', 'https://www.facebook.com/optio-eos-dicta-aliquid-ad-voluptas-perferendis-eos-enim', 'https://www.twitter.com/commodi-fugiat-pariatur-voluptatibus', 'https://www.plus.google.com/ratione-quis-voluptatem-in-est-pariatur-atque-et-officia', 'About Us', 'Alice said nothing: she had never had fits, my dear, and that is rather a complaining tone, \'and they drew all manner of things--everything that begins with an M--\' \'Why with an important air, \'are.', 'Our Services', 'Mock Turtle yet?\' \'No,\' said Alice. \'I mean what I say,\' the Mock Turtle replied, counting off the subjects on his flappers, \'--Mystery, ancient and modern, with Seaography: then Drawling--the Drawling-master was an old Turtle--we used to call him.', 'no_image.jpg', 'no_image.jpg', 'no_image.jpg', NULL, '2019-08-08 01:43:48', '2019-08-08 01:43:48', ''),
(73, 'Virtual background initiative', 'virtual-background-initiative', 'Doloremque voluptatem odio nulla voluptas cum.', 2, 2, 3, '2012-04-15', 2, '88958 Delpha Orchard', '+4518273699913', '+4248889511428', 'ycorwin@example.net', 'http://www.nitzsche.com/quasi-quas-quasi-quam-error-dolores-et-repudiandae', 'ChIJEwYlXLXsoTkRuUBXavgtflI', 'https://www.facebook.com/et-velit-sed-quia', 'https://www.twitter.com/ullam-recusandae-reprehenderit-dolorum-aliquam', 'https://www.plus.google.com/earum-deserunt-iste-ab-velit', 'About Us', 'The next thing was waving its tail when I\'m angry. Therefore I\'m mad.\' \'I call it sad?\' And she opened it, and behind them a railway station.) However, she did not like to show you! A little.', 'Our Services', 'English. \'I don\'t quite understand you,\' she said, as politely as she could. \'The Dormouse is asleep again,\' said the Hatter, and here the conversation dropped, and the party sat silent for a minute or two, it was as much as she could guess, she.', 'no_image.jpg', 'no_image.jpg', 'no_image.jpg', NULL, '2019-08-08 01:43:48', '2019-08-08 01:43:48', ''),
(74, 'Cross-platform 24hour analyzer', 'cross-platform-24hour-analyzer', 'Porro ut architecto minus aperiam vero deleniti aut.', 1, 2, 6, '1997-03-10', 7, '736 Blanche Prairie Apt. 203', '+5626770933211', '+4756585285650', 'misty.fritsch@example.com', 'http://www.murray.org/adipisci-omnis-deleniti-vero-dolorem-ut-voluptatem-laboriosam', 'ChIJEwYlXLXsoTkRuUBXavgtflI', 'https://www.facebook.com/ut-et-accusantium-ut-molestiae', 'https://www.twitter.com/repudiandae-ducimus-perferendis-vel-cupiditate-quos', 'https://www.plus.google.com/quidem-et-reiciendis-voluptates-totam-dolorum-enim', 'About Us', 'Alice remarked. \'Oh, you can\'t swim, can you?\' he added, turning to the end of the lefthand bit. * * * * * * * * * * * * * * \'Come, my head\'s free at last!\' said Alice very politely; but she did not.', 'Our Services', 'Cat. \'--so long as I get SOMEWHERE,\' Alice added as an explanation; \'I\'ve none of my own. I\'m a hatter.\' Here the Queen put on her spectacles, and began staring at the Hatter, and, just as the Dormouse crossed the court, she said to herself \'Now I.', 'no_image.jpg', 'no_image.jpg', 'no_image.jpg', NULL, '2019-08-08 01:43:48', '2019-08-08 01:43:48', ''),
(75, 'Cross-platform non-volatile neural-net', 'cross-platform-non-volatile-neural-net', 'Sed saepe aliquid neque est enim praesentium.', 2, 2, 5, '1971-05-05', 3, '435 Ledner Cliffs Apt. 446', '+8719489999770', '+6352440721528', 'kaela.schroeder@example.com', 'http://harvey.com/necessitatibus-enim-quos-esse', 'ChIJEwYlXLXsoTkRuUBXavgtflI', 'https://www.facebook.com/quia-reprehenderit-veniam-explicabo-neque-consequuntur-qui-autem', 'https://www.twitter.com/illo-et-ipsum-harum-tempore-odit-sequi-esse', 'https://www.plus.google.com/fugit-repellat-excepturi-aut', 'About Us', 'I could shut up like a tunnel for some minutes. The Caterpillar and Alice looked all round her, calling out in a ring, and begged the Mouse replied rather impatiently: \'any shrimp could have told.', 'Our Services', 'I\'ll eat it,\' said Alice, \'and if it makes me grow smaller, I can creep under the door; so either way I\'ll get into the garden, and I don\'t care which happens!\' She ate a little bit, and said anxiously to herself, \'Which way? Which way?\', holding.', 'no_image.jpg', 'no_image.jpg', 'no_image.jpg', NULL, '2019-08-08 01:43:48', '2019-08-08 01:43:48', ''),
(76, 'Synergistic clear-thinking capability', 'synergistic-clear-thinking-capability', 'Beatae porro natus veniam dicta dolor est.', 2, 2, 6, '2010-07-11', 4, '57593 Hannah Vista', '+8495811019678', '+1137145584230', 'trantow.isabella@example.net', 'http://www.halvorson.org/delectus-omnis-quasi-non-quam-sit-magni-sapiente-itaque', 'ChIJEwYlXLXsoTkRuUBXavgtflI', 'https://www.facebook.com/officia-quidem-mollitia-dicta-beatae', 'https://www.twitter.com/a-nobis-qui-in-repellendus-dolores', 'https://www.plus.google.com/qui-sint-distinctio-officia', 'About Us', 'Mock Turtle to sing you a song?\' \'Oh, a song, please, if the Queen left off, quite out of his teacup instead of onions.\' Seven flung down his face, as long as it could go, and making faces at him as.', 'Our Services', 'I COULD NOT SWIM--\" you can\'t swim, can you?\' he added, turning to the rose-tree, she went on, \'I must be Mabel after all, and I shall have to go and live in that poky little house, and have next to no toys to play with, and oh! ever so many.', 'no_image.jpg', 'no_image.jpg', 'no_image.jpg', NULL, '2019-08-08 01:43:48', '2019-08-08 01:43:48', ''),
(77, 'Grass-roots 24hour initiative', 'grass-roots-24hour-initiative', 'Sunt alias corrupti eos perferendis et.', 1, 1, 3, '1973-05-18', 6, '6441 Heathcote Square Suite 123', '+1258562110446', '+1638890582462', 'bechtelar.kyla@example.net', 'https://www.stark.net/debitis-qui-ducimus-eos-et-omnis-debitis-eos', 'ChIJEwYlXLXsoTkRuUBXavgtflI', 'https://www.facebook.com/deleniti-aliquid-quae-cum-magnam-laudantium', 'https://www.twitter.com/excepturi-eum-consequuntur-similique-consequatur', 'https://www.plus.google.com/quis-ea-est-illum-quae', 'About Us', 'Latitude was, or Longitude either, but thought they were all crowded round her, about the twentieth time that day. \'No, no!\' said the Duchess: \'flamingoes and mustard both bite. And the Gryphon.', 'Our Services', 'I\'ve often seen a cat without a grin,\' thought Alice; \'but a grin without a cat! It\'s the most curious thing I ever heard!\' \'Yes, I think you\'d better leave off,\' said the Gryphon: \'I went to the Classics master, though. He was an old crab, HE.', 'no_image.jpg', 'no_image.jpg', 'no_image.jpg', NULL, '2019-08-08 01:43:48', '2019-08-08 01:43:48', ''),
(78, 'Right-sized upward-trending moratorium', 'right-sized-upward-trending-moratorium', 'Similique non dolore autem et repellat dolores.', 2, 2, 5, '1999-06-09', 6, '83561 Breitenberg Vista Suite 643', '+6057532659070', '+4775992162358', 'esther45@example.com', 'http://www.lemke.info/', 'ChIJEwYlXLXsoTkRuUBXavgtflI', 'https://www.facebook.com/quis-perferendis-et-et-hic-quam-et', 'https://www.twitter.com/commodi-doloremque-consectetur-rem-est-tenetur-labore-et', 'https://www.plus.google.com/vel-ea-sint-sed-rerum', 'About Us', 'Alice joined the procession, wondering very much pleased at having found out a new kind of serpent, that\'s all I can remember feeling a little sharp bark just over her head struck against the door.', 'Our Services', 'What WILL become of me?\' Luckily for Alice, the little magic bottle had now had its full effect, and she grew no larger: still it was very uncomfortable, and, as there seemed to be almost out of sight, they were getting so far off). \'Oh, my poor.', 'no_image.jpg', 'no_image.jpg', 'no_image.jpg', NULL, '2019-08-08 01:43:48', '2019-08-08 01:43:48', ''),
(79, 'Reduced cohesive flexibility', 'reduced-cohesive-flexibility', 'Eligendi nihil labore repellendus odit.', 2, 1, 6, '1980-03-18', 3, '18078 Chaya Mission', '+3118065989537', '+4282042729813', 'henriette.nicolas@example.com', 'https://corkery.org/quasi-quos-nesciunt-voluptatum-enim.html', 'ChIJEwYlXLXsoTkRuUBXavgtflI', 'https://www.facebook.com/dolor-alias-perspiciatis-quo', 'https://www.twitter.com/molestias-occaecati-ut-et-quis', 'https://www.plus.google.com/eligendi-autem-sint-rerum-totam-impedit', 'About Us', 'King. \'Shan\'t,\' said the Gryphon. Alice did not like to have got in as well,\' the Hatter went on so long that they had to double themselves up and bawled out, \"He\'s murdering the time! Off with his.', 'Our Services', 'Cat. \'I don\'t much care where--\' said Alice. \'Then you should say what you mean,\' said Alice. \'Of course it is,\' said the Gryphon, sighing in his turn; and both creatures hid their faces in their paws. \'And how many hours a day did you do lessons?\'.', 'no_image.jpg', 'no_image.jpg', 'no_image.jpg', NULL, '2019-08-08 01:43:48', '2019-08-08 01:43:48', ''),
(80, 'Down-sized global challenge', 'down-sized-global-challenge', 'Illum iusto sequi ea magnam et officia odit porro.', 2, 1, 3, '1999-12-08', 6, '69221 Pearlie Valley Apt. 510', '+1448398263918', '+5862278336686', 'idella.ortiz@example.net', 'http://mante.org/', 'ChIJEwYlXLXsoTkRuUBXavgtflI', 'https://www.facebook.com/illo-laboriosam-eos-inventore', 'https://www.twitter.com/non-quis-et-aperiam-error-velit', 'https://www.plus.google.com/omnis-quo-est-nihil', 'About Us', 'Alice could see this, as she could remember them, all these changes are! I\'m never sure what I\'m going to begin again, it was only the pepper that makes you forget to talk. I can\'t quite follow it.', 'Our Services', 'March Hare said in an encouraging tone. Alice looked all round her at the flowers and the blades of grass, but she did not like the look of the thing at all. \'But perhaps it was only sobbing,\' she thought, and rightly too, that very few little.', 'no_image.jpg', 'no_image.jpg', 'no_image.jpg', NULL, '2019-08-08 01:43:48', '2019-08-08 01:43:48', ''),
(81, 'Organic hybrid customerloyalty', 'organic-hybrid-customerloyalty', 'Ea eos commodi dolores.', 2, 1, 1, '1998-07-20', 3, '830 Swaniawski Pine', '+8581890083893', '+5760102477127', 'lind.estell@example.org', 'http://www.hagenes.com/et-qui-possimus-voluptatem-occaecati-beatae-autem-porro-non', 'ChIJEwYlXLXsoTkRuUBXavgtflI', 'https://www.facebook.com/nisi-rem-ipsa-eum-in-nobis', 'https://www.twitter.com/impedit-et-placeat-consectetur-rerum-inventore', 'https://www.plus.google.com/incidunt-quas-et-sint', 'About Us', 'Alice. \'I\'ve read that in the same thing as \"I eat what I like\"!\' \'You might just as I get it home?\' when it had come to the company generally, \'You are old,\' said the Duchess. \'Everything\'s got a.', 'Our Services', 'Alice, in a coaxing tone, and she tried her best to climb up one of the trees under which she had wept when she was nine feet high. \'I wish I had our Dinah here, I know I have to beat time when I learn music.\' \'Ah! that accounts for it,\' said the.', 'no_image.jpg', 'no_image.jpg', 'no_image.jpg', NULL, '2019-08-08 01:43:48', '2019-08-08 01:43:48', ''),
(82, 'Digitized stable leverage', 'digitized-stable-leverage', 'Hic nostrum totam sed sint ipsam.', 2, 1, 1, '1984-10-24', 7, '512 Shanahan Mountain', '+9148678386646', '+7866518978100', 'woconner@example.org', 'http://www.wintheiser.com/quae-et-est-praesentium-sint-corrupti-harum-nihil', 'ChIJEwYlXLXsoTkRuUBXavgtflI', 'https://www.facebook.com/quaerat-a-facere-et-aut-repellat', 'https://www.twitter.com/provident-omnis-molestiae-nulla-occaecati', 'https://www.plus.google.com/quos-et-tempore-ducimus-minus-non-eum-aut', 'About Us', 'I will prosecute YOU.--Come, I\'ll take no denial; We must have been ill.\' \'So they were,\' said the Hatter. This piece of it at last, with a pair of white kid gloves: she took courage, and went on.', 'Our Services', 'Majesty,\' said the White Rabbit, jumping up in a great hurry, muttering to himself as he came, \'Oh! the Duchess, the Duchess! Oh! won\'t she be savage if I\'ve kept her waiting!\' Alice felt so desperate that she was in the act of crawling away.', 'no_image.jpg', 'no_image.jpg', 'no_image.jpg', NULL, '2019-08-08 01:43:48', '2019-08-08 01:43:48', ''),
(83, 'Optional multimedia intranet', 'optional-multimedia-intranet', 'Aut aut neque ullam hic.', 1, 1, 6, '1970-11-30', 6, '67637 Will Stravenue Apt. 839', '+3289746231271', '+5084962462580', 'upton.clemmie@example.com', 'http://www.dubuque.info/', 'ChIJEwYlXLXsoTkRuUBXavgtflI', 'https://www.facebook.com/quae-est-aut-est-asperiores-aliquid', 'https://www.twitter.com/aut-aliquam-molestiae-officiis-et-mollitia-quam', 'https://www.plus.google.com/qui-repudiandae-quia-mollitia-molestiae-eos-optio-commodi', 'About Us', 'For some minutes it seemed quite natural to Alice again. \'No, I give you fair warning,\' shouted the Queen. First came ten soldiers carrying clubs; these were all locked; and when she had hoped) a.', 'Our Services', 'Alice to herself, rather sharply; \'I advise you to leave off this minute!\' She generally gave herself very good advice, (though she very seldom followed it), and sometimes she scolded herself so severely as to bring tears into her eyes; and once.', 'no_image.jpg', 'no_image.jpg', 'no_image.jpg', NULL, '2019-08-08 01:43:49', '2019-08-08 01:43:49', ''),
(84, 'Object-based directional paradigm', 'object-based-directional-paradigm', 'Nisi incidunt pariatur aut nesciunt doloremque officia.', 1, 2, 3, '1995-04-28', 2, '445 Daniel Club', '+4535870537768', '+3309209580525', 'zhaley@example.net', 'http://abshire.biz/veritatis-voluptatibus-eligendi-minus-aperiam-non-dolorem', 'ChIJEwYlXLXsoTkRuUBXavgtflI', 'https://www.facebook.com/commodi-quia-repellendus-sit-vitae-ratione-et-officia', 'https://www.twitter.com/assumenda-qui-eos-similique-sunt-ea', 'https://www.plus.google.com/quas-sint-porro-quia-ut-aperiam-quis-et-eius', 'About Us', 'Alice asked in a bit.\' \'Perhaps it hasn\'t one,\' Alice ventured to say. \'What is his sorrow?\' she asked the Mock Turtle said: \'I\'m too stiff. And the moral of that is--\"Birds of a bottle. They all.', 'Our Services', 'And yet I don\'t know,\' he went on, turning to Alice. \'Only a thimble,\' said Alice sadly. \'Hand it over here,\' said the Dormouse. \'Don\'t talk nonsense,\' said Alice more boldly: \'you know you\'re growing too.\' \'Yes, but I grow at a reasonable pace,\'.', 'no_image.jpg', 'no_image.jpg', 'no_image.jpg', NULL, '2019-08-08 01:43:49', '2019-08-08 01:43:49', ''),
(85, 'Distributed tangible processimprovement', 'distributed-tangible-processimprovement', 'Quis a optio et odio ipsa molestiae.', 2, 2, 2, '1980-10-12', 2, '492 Vincent Unions', '+6357364451816', '+3659715477188', 'dibbert.cade@example.org', 'http://www.strosin.com/iusto-nam-omnis-illum-neque', 'ChIJEwYlXLXsoTkRuUBXavgtflI', 'https://www.facebook.com/hic-non-quis-vitae-esse-optio', 'https://www.twitter.com/cum-et-consequatur-sint-et-voluptatum-sit-illum', 'https://www.plus.google.com/voluptate-maiores-sit-est-ipsum-molestiae-nisi-perferendis-iure', 'About Us', 'Twinkle, twinkle--\"\' Here the Dormouse denied nothing, being fast asleep. \'After that,\' continued the Gryphon. \'Do you know that you\'re mad?\' \'To begin with,\' said the King, \'and don\'t look at all.', 'Our Services', 'ARE OLD, FATHER WILLIAM,\"\' said the Caterpillar. This was not an encouraging opening for a conversation. Alice replied, rather shyly, \'I--I hardly know, sir, just at present--at least I know who I WAS when I got up this morning, but I think I must.', 'no_image.jpg', 'no_image.jpg', 'no_image.jpg', NULL, '2019-08-08 01:43:49', '2019-08-08 01:43:49', ''),
(86, 'Customizable value-added ability', 'customizable-value-added-ability', 'Quo qui officia consequatur.', 1, 1, 6, '1997-08-08', 5, '664 Cyrus Underpass', '+6866396223062', '+3753082652535', 'bailey.haylie@example.com', 'https://lebsack.info/velit-nam-quia-praesentium-amet-molestias-saepe.html', 'ChIJEwYlXLXsoTkRuUBXavgtflI', 'https://www.facebook.com/rem-dolorem-aut-fuga-qui-unde', 'https://www.twitter.com/tenetur-tempore-corporis-deserunt-qui-quos', 'https://www.plus.google.com/ullam-fugiat-deserunt-quia-rerum-quidem', 'About Us', 'I can say.\' This was such a nice soft thing to get very tired of swimming about here, O Mouse!\' (Alice thought this a good deal on where you want to go! Let me see: I\'ll give them a railway.', 'Our Services', 'Queen in front of them, with her arms folded, frowning like a thunderstorm. \'A fine day, your Majesty!\' the Duchess began in a great hurry; \'and their names were Elsie, Lacie, and Tillie; and they lived at the bottom of a well?\' The Dormouse again.', 'no_image.jpg', 'no_image.jpg', 'no_image.jpg', NULL, '2019-08-08 01:43:49', '2019-08-08 01:43:49', '');
INSERT INTO `businesses` (`id`, `name`, `slug`, `tagline`, `business_type`, `account_type`, `category_id`, `expires_at`, `city_id`, `address`, `contact_one`, `contact_two`, `email`, `website`, `map_id`, `facebook_link`, `twitter_link`, `google_link`, `description_title`, `description`, `services_title`, `services`, `thumbnail`, `profile_pic`, `cover_pic`, `deleted_at`, `created_at`, `updated_at`, `keywords`) VALUES
(87, 'Ergonomic composite portal', 'ergonomic-composite-portal', 'Ratione sunt consequuntur et corrupti veritatis sit veritatis.', 2, 2, 2, '1991-07-30', 4, '934 Eden Path Suite 604', '+8741820484819', '+5723242105728', 'andreanne99@example.com', 'http://robel.com/deserunt-dolores-repudiandae-quas-beatae', 'ChIJEwYlXLXsoTkRuUBXavgtflI', 'https://www.facebook.com/quis-nobis-eligendi-ea-debitis-minima-odio-minus-alias', 'https://www.twitter.com/sed-aut-aliquid-soluta-molestiae-alias-non', 'https://www.plus.google.com/autem-explicabo-suscipit-aut-nihil', 'About Us', 'March Hare. Alice sighed wearily. \'I think you might do very well to say than his first remark, \'It was a little more conversation with her head!\' Those whom she sentenced were taken into custody by.', 'Our Services', 'Queen was in a furious passion, and went stamping about, and shouting \'Off with his head!\' or \'Off with her head!\' Those whom she sentenced were taken into custody by the soldiers, who of course had to leave off this minute!\' She generally gave.', 'no_image.jpg', 'no_image.jpg', 'no_image.jpg', NULL, '2019-08-08 01:43:49', '2019-08-08 01:43:49', ''),
(88, 'Organic systemic localareanetwork', 'organic-systemic-localareanetwork', 'Omnis culpa laboriosam beatae blanditiis delectus cupiditate id.', 1, 2, 3, '1993-07-30', 5, '707 Strosin Light Apt. 724', '+3250989887579', '+7350170294052', 'cade81@example.net', 'https://www.beier.biz/tempora-explicabo-saepe-debitis-dicta', 'ChIJEwYlXLXsoTkRuUBXavgtflI', 'https://www.facebook.com/dicta-sapiente-error-provident-non', 'https://www.twitter.com/voluptas-incidunt-consequatur-qui-ut-voluptatem-omnis', 'https://www.plus.google.com/et-consequatur-et-facere-quod-sint', 'About Us', 'At last the Dodo had paused as if he would deny it too: but the three gardeners at it, busily painting them red. Alice thought to herself. \'Shy, they seem to encourage the witness at all: he kept.', 'Our Services', 'Duchess, the Duchess! Oh! won\'t she be savage if I\'ve kept her waiting!\' Alice felt so desperate that she was ready to ask help of any one; so, when the Rabbit actually TOOK A WATCH OUT OF ITS WAISTCOAT-POCKET, and looked at it again: but he could.', 'no_image.jpg', 'no_image.jpg', 'no_image.jpg', NULL, '2019-08-08 01:43:49', '2019-08-08 01:43:49', ''),
(89, 'Integrated bandwidth-monitored initiative', 'integrated-bandwidth-monitored-initiative', 'Magnam dolorem est ad rerum cumque deleniti.', 1, 2, 4, '2004-07-01', 4, '29837 Timothy Drive', '+2455825202618', '+1535641834294', 'trussel@example.com', 'http://www.bechtelar.com/', 'ChIJEwYlXLXsoTkRuUBXavgtflI', 'https://www.facebook.com/corporis-occaecati-ut-reiciendis-quis', 'https://www.twitter.com/accusantium-distinctio-voluptates-debitis-beatae-qui-non-facere', 'https://www.plus.google.com/ut-iure-quo-ea-beatae-asperiores-optio-libero-fugiat', 'About Us', 'Alice after it, and found that her flamingo was gone across to the Cheshire Cat sitting on the floor, as it went. So she set to work very diligently to write this down on one side, to look at me.', 'Our Services', 'THEN--she found herself at last in the beautiful garden, among the bright flower-beds and the cool fountains. CHAPTER VIII. The Queen\'s Croquet-Ground A large rose-tree stood near the entrance of the garden: the roses growing on it were white, but.', 'no_image.jpg', 'no_image.jpg', 'no_image.jpg', NULL, '2019-08-08 01:43:49', '2019-08-08 01:43:49', ''),
(90, 'Stand-alone fresh-thinking interface', 'stand-alone-fresh-thinking-interface', 'Ad ipsum qui fuga maxime.', 2, 1, 3, '1999-05-11', 5, '1507 Vanessa Square', '+9413032945207', '+4857716563027', 'cschiller@example.org', 'https://www.herzog.biz/laborum-laborum-dolorem-quo-cum-consequatur-et', 'ChIJEwYlXLXsoTkRuUBXavgtflI', 'https://www.facebook.com/ipsa-dolor-incidunt-itaque-dolor', 'https://www.twitter.com/fuga-consequatur-perferendis-sunt-nemo', 'https://www.plus.google.com/doloremque-temporibus-quis-ex-praesentium', 'About Us', 'Majesty,\' he began, \'for bringing these in: but I think that there was no more to do it! Oh dear! I\'d nearly forgotten to ask.\' \'It turned into a chrysalis--you will some day, you know--and then.', 'Our Services', 'March Hare said--\' \'I didn\'t!\' the March Hare was said to live. \'I\'ve seen hatters before,\' she said to herself \'Now I can do no more, whatever happens. What WILL become of me?\' Luckily for Alice, the little magic bottle had now had its full.', 'no_image.jpg', 'no_image.jpg', 'no_image.jpg', NULL, '2019-08-08 01:43:49', '2019-08-08 01:43:49', ''),
(91, 'Organized systemic archive', 'organized-systemic-archive', 'Beatae vitae nobis qui libero quas distinctio dolore nulla.', 2, 1, 5, '1985-10-02', 3, '5064 Jose Vista Apt. 022', '+4150943301560', '+8901516387339', 'qrunolfsson@example.com', 'http://www.schulist.com/aliquam-dolorem-tenetur-dignissimos-vel', 'ChIJEwYlXLXsoTkRuUBXavgtflI', 'https://www.facebook.com/unde-enim-numquam-aut', 'https://www.twitter.com/soluta-harum-quaerat-aut-eum-iure-fuga-aut', 'https://www.plus.google.com/rem-incidunt-mollitia-explicabo-fuga-sit-cupiditate-dolor', 'About Us', 'She hastily put down her flamingo, and began bowing to the Mock Turtle. \'No, no! The adventures first,\' said the Queen. \'Their heads are gone, if it began ordering people about like mad things all.', 'Our Services', 'This time Alice waited patiently until it chose to speak again. In a minute or two she walked on in the direction it pointed to, without trying to explain the paper. \'If there\'s no meaning in it,\' but none of them attempted to explain the mistake.', 'no_image.jpg', 'no_image.jpg', 'no_image.jpg', NULL, '2019-08-08 01:43:49', '2019-08-08 01:43:49', ''),
(92, 'Fully-configurable optimizing internetsolution', 'fully-configurable-optimizing-internetsolution', 'Harum corrupti nihil rerum sit ratione voluptas.', 2, 1, 4, '2000-06-02', 7, '7582 Linwood Cliffs Suite 184', '+1258431855590', '+7686263329117', 'jessie.zemlak@example.net', 'http://gorczany.biz/suscipit-quae-consequatur-rerum-quasi-culpa', 'ChIJEwYlXLXsoTkRuUBXavgtflI', 'https://www.facebook.com/dolorum-nesciunt-similique-eum-est-suscipit-quasi-similique', 'https://www.twitter.com/quaerat-iste-modi-qui-dicta-officia-libero-sed', 'https://www.plus.google.com/esse-vero-placeat-eos-exercitationem-excepturi-iste-deserunt', 'About Us', 'Those whom she sentenced were taken into custody by the whole party at once took up the little dears came jumping merrily along hand in her own ears for having missed their turns, and she went round.', 'Our Services', 'Alice heard the Rabbit just under the window, she suddenly spread out her hand again, and made another snatch in the air. This time there could be NO mistake about it: it was neither more nor less than a pig, and she felt certain it must be the.', 'no_image.jpg', 'no_image.jpg', 'no_image.jpg', NULL, '2019-08-08 01:43:49', '2019-08-08 01:43:49', ''),
(93, 'Streamlined discrete help-desk', 'streamlined-discrete-help-desk', 'Quo laboriosam est perspiciatis.', 1, 2, 2, '2004-12-12', 7, '4765 Oberbrunner View Suite 683', '+4793357407489', '+2096999965385', 'erik51@example.org', 'https://www.little.info/voluptatibus-impedit-et-est-minima-dolorem', 'ChIJEwYlXLXsoTkRuUBXavgtflI', 'https://www.facebook.com/quo-dolor-ratione-facilis', 'https://www.twitter.com/sunt-quae-excepturi-delectus', 'https://www.plus.google.com/culpa-facere-earum-ea-accusantium', 'About Us', 'Jack-in-the-box, and up I goes like a tunnel for some time without hearing anything more: at last the Mock Turtle. \'Very much indeed,\' said Alice. \'Why, you don\'t even know what to do anything but.', 'Our Services', 'Dormouse, who was sitting next to her. \'I can hardly breathe.\' \'I can\'t help it,\' she said to herself, (not in a very decided tone: \'tell her something about the games now.\' CHAPTER X. The Lobster Quadrille The Mock Turtle sighed deeply, and began.', 'no_image.jpg', 'no_image.jpg', 'no_image.jpg', NULL, '2019-08-08 01:43:49', '2019-08-08 01:43:49', ''),
(94, 'Devolved contextually-based analyzer', 'devolved-contextually-based-analyzer', 'In error perferendis delectus et porro.', 2, 1, 2, '1985-08-06', 3, '20286 Delphia Hill', '+2847403135856', '+4375880931881', 'murphy31@example.com', 'http://cassin.com/sit-illo-et-vel-omnis', 'ChIJEwYlXLXsoTkRuUBXavgtflI', 'https://www.facebook.com/enim-rerum-quibusdam-odit-vel-ut-aperiam-quisquam-repellendus', 'https://www.twitter.com/laboriosam-dolor-quisquam-placeat', 'https://www.plus.google.com/adipisci-consequuntur-hic-vero-tempore-sit', 'About Us', 'Pray, what is the driest thing I ask! It\'s always six o\'clock now.\' A bright idea came into her head. \'If I eat or drink something or other; but the wise little Alice and all the creatures argue.', 'Our Services', 'However, she soon made out that she was walking hand in hand with Dinah, and saying to her very earnestly, \'Now, Dinah, tell me the truth: did you ever eat a bat?\' when suddenly, thump! thump! down she came upon a heap of sticks and dry leaves, and.', 'no_image.jpg', 'no_image.jpg', 'no_image.jpg', NULL, '2019-08-08 01:43:49', '2019-08-08 01:43:49', ''),
(95, 'Reverse-engineered secondary alliance', 'reverse-engineered-secondary-alliance', 'Veniam ut aut voluptatibus minus maiores magnam architecto.', 2, 1, 1, '1991-12-07', 2, '21347 Clarabelle Canyon', '+1747156296247', '+2402081037068', 'schuppe.ramiro@example.com', 'http://www.tromp.net/ut-inventore-debitis-repellendus-ab-pariatur-dolores.html', 'ChIJEwYlXLXsoTkRuUBXavgtflI', 'https://www.facebook.com/repudiandae-modi-nisi-dolore-illo-aut-neque-sed-repudiandae', 'https://www.twitter.com/id-suscipit-quia-natus-consequuntur-magni', 'https://www.plus.google.com/recusandae-ipsam-beatae-quis-ducimus-consectetur-aut', 'About Us', 'Majesty must cross-examine the next witness.\' And he added in an angry tone, \'Why, Mary Ann, and be turned out of sight. Alice remained looking thoughtfully at the Caterpillar\'s making such VERY.', 'Our Services', 'Mock Turtle said: \'advance twice, set to partners--\' \'--change lobsters, and retire in same order,\' continued the Gryphon. \'Then, you know,\' the Hatter continued, \'in this way:-- \"Up above the world you fly, Like a tea-tray in the sky. Twinkle.', 'no_image.jpg', 'no_image.jpg', 'no_image.jpg', NULL, '2019-08-08 01:43:50', '2019-08-08 01:43:50', ''),
(96, 'Sharable assymetric approach', 'sharable-assymetric-approach', 'Rem odit eveniet officiis nihil.', 1, 2, 2, '1991-09-21', 2, '274 Hartmann Turnpike Apt. 402', '+9733874249028', '+5624035501970', 'demarco.rempel@example.org', 'https://carter.net/recusandae-repudiandae-qui-nemo-nobis.html', 'ChIJEwYlXLXsoTkRuUBXavgtflI', 'https://www.facebook.com/sunt-illum-delectus-voluptates-sunt-aut-voluptatem', 'https://www.twitter.com/facilis-rerum-qui-itaque-labore', 'https://www.plus.google.com/velit-possimus-et-qui-quas-nihil-provident', 'About Us', 'English!\' said the one who had spoken first. \'That\'s none of YOUR business, Two!\' said Seven. \'Yes, it IS his business!\' said Five, in a tone of great dismay, and began to say \'I once tasted--\' but.', 'Our Services', 'Stigand, the patriotic archbishop of Canterbury, found it advisable--\"\' \'Found WHAT?\' said the Duck. \'Found IT,\' the Mouse replied rather crossly: \'of course you know what they\'re like.\' \'I believe so,\' Alice replied thoughtfully. \'They have their.', 'no_image.jpg', 'no_image.jpg', 'no_image.jpg', NULL, '2019-08-08 01:43:50', '2019-08-08 01:43:50', ''),
(97, 'Balanced client-driven success', 'balanced-client-driven-success', 'Id corporis et eveniet.', 2, 1, 6, '1994-12-05', 7, '968 Hessel Fields Suite 358', '+5652388409195', '+2305580517578', 'bonita.rodriguez@example.org', 'http://williamson.com/voluptas-qui-dolorem-ducimus-nulla-harum-illo', 'ChIJEwYlXLXsoTkRuUBXavgtflI', 'https://www.facebook.com/distinctio-est-et-assumenda-aut-ea', 'https://www.twitter.com/et-delectus-accusantium-nemo-cum-recusandae-et', 'https://www.plus.google.com/rerum-aliquam-sequi-mollitia-earum', 'About Us', 'The first witness was the BEST butter,\' the March Hare said--\' \'I didn\'t!\' the March Hare. \'He denies it,\' said Five, \'and I\'ll tell him--it was for bringing the cook and the Panther received knife.', 'Our Services', 'I suppose.\' So she swallowed one of the leaves: \'I should have liked teaching it tricks very much, if--if I\'d only been the right size for going through the little door into that lovely garden. I think that will be the best plan.\' It sounded an.', 'no_image.jpg', 'no_image.jpg', 'no_image.jpg', NULL, '2019-08-08 01:43:50', '2019-08-08 01:43:50', ''),
(98, 'Diverse impactful algorithm', 'diverse-impactful-algorithm', 'Minima nostrum dolores facere sit nemo vitae et.', 1, 1, 1, '1979-06-17', 3, '3950 Loyce Parkways', '+2434197713941', '+4089386826782', 'borer.rosie@example.net', 'http://www.jakubowski.com/nihil-deserunt-rerum-voluptates-nemo-minus-quidem-voluptatem', 'ChIJEwYlXLXsoTkRuUBXavgtflI', 'https://www.facebook.com/ut-magnam-et-praesentium-magnam-sed', 'https://www.twitter.com/aut-voluptatem-dicta-modi-possimus-non-eos-sit', 'https://www.plus.google.com/nobis-provident-et-nisi-aut-sunt', 'About Us', 'Owl had the best of educations--in fact, we went to the Cheshire Cat, she was holding, and she walked up towards it rather timidly, as she was now only ten inches high, and was gone across to the.', 'Our Services', 'Classics master, though. He was an old Turtle--we used to call him Tortoise--\' \'Why did you call him Tortoise, if he wasn\'t one?\' Alice asked. \'We called him Tortoise because he taught us,\' said the Mock Turtle. \'And how did you manage on the.', 'no_image.jpg', 'no_image.jpg', 'no_image.jpg', NULL, '2019-08-08 01:43:50', '2019-08-08 01:43:50', ''),
(99, 'Quality-focused transitional parallelism', 'quality-focused-transitional-parallelism', 'Est et fugit nobis.', 2, 2, 2, '2005-05-09', 7, '9912 Ryleigh Key Apt. 916', '+6901163445979', '+2601962953957', 'cordie03@example.net', 'https://prohaska.com/quisquam-et-nam-asperiores-veritatis-omnis.html', 'ChIJEwYlXLXsoTkRuUBXavgtflI', 'https://www.facebook.com/porro-totam-ratione-non-ratione', 'https://www.twitter.com/sapiente-labore-voluptatibus-ut-aut-sit', 'https://www.plus.google.com/officia-atque-expedita-impedit-ut-dolorem-excepturi-ullam', 'About Us', 'Presently the Rabbit came up to the door. \'Call the first day,\' said the King. The next witness would be four thousand miles down, I think--\' (for, you see, Miss, we\'re doing our best, afore she.', 'Our Services', 'Lizard, who seemed too much overcome to do anything but sit with its mouth open, gazing up into the sky. Alice went timidly up to the door, and tried to speak, but for a minute or two she stood looking at the Cat\'s head with great curiosity. \'It\'s.', 'no_image.jpg', 'no_image.jpg', 'no_image.jpg', NULL, '2019-08-08 01:43:50', '2019-08-08 01:43:50', ''),
(100, 'Secured nextgeneration framework', 'secured-nextgeneration-framework', 'In at cum eius ad quisquam.', 1, 1, 1, '2007-02-12', 3, '395 Clare Extension', '+7223272302935', '+7034370373548', 'cristina.funk@example.com', 'https://wunsch.org/architecto-ut-vitae-ex-neque.html', 'ChIJEwYlXLXsoTkRuUBXavgtflI', 'https://www.facebook.com/odit-maiores-quisquam-eos-excepturi', 'https://www.twitter.com/tenetur-totam-vel-ea-et', 'https://www.plus.google.com/veniam-accusamus-velit-aut-qui', 'About Us', 'So she went hunting about, and make one repeat lessons!\' thought Alice; \'I might as well say this), \'to go on crying in this affair, He trusts to you never even introduced to a snail. \"There\'s a.', 'Our Services', 'White Rabbit was still in sight, hurrying down it. There was not a bit hurt, and she jumped up in such a hurry that she tipped over the jury-box with the edge of the mushroom, and crawled away in the grass, merely remarking as it went, \'One side.', 'no_image.jpg', 'no_image.jpg', 'no_image.jpg', NULL, '2019-08-08 01:43:50', '2019-08-08 01:43:50', ''),
(101, 'Object-based background neural-net', 'object-based-background-neural-net', 'Sed magni inventore labore expedita veritatis.', 2, 2, 5, '1996-03-28', 4, '595 Mertie Greens', '+1227067416906', '+2923100104885', 'malachi.kuphal@example.com', 'http://www.walsh.com/nam-aut-voluptate-sed-qui-praesentium-esse.html', 'ChIJEwYlXLXsoTkRuUBXavgtflI', 'https://www.facebook.com/repellat-eius-voluptas-vel-expedita-molestiae', 'https://www.twitter.com/quam-sunt-illum-architecto-quidem-molestiae-culpa', 'https://www.plus.google.com/necessitatibus-cupiditate-aliquid-deleniti-veniam-repellendus-dolorem-minima', 'About Us', 'YOUR adventures.\' \'I could tell you more than three.\' \'Your hair wants cutting,\' said the Lory hastily. \'I thought you did,\' said the Hatter, it woke up again as quickly as she spoke. Alice did not.', 'Our Services', 'Pigeon. \'I\'m NOT a serpent!\' said Alice indignantly. \'Ah! then yours wasn\'t a really good school,\' said the Mock Turtle; \'but it sounds uncommon nonsense.\' Alice said nothing; she had sat down with her face in her hands, and was surprised to see.', 'no_image.jpg', 'no_image.jpg', 'no_image.jpg', NULL, '2019-08-08 01:43:50', '2019-08-09 02:29:21', ''),
(102, 'CP Hospital Pvt. Ltd', 'cp-hospital-pvt-ltd', NULL, 1, 1, 6, NULL, 2, 'Chatakpur 3', '9865720910', NULL, 'cpandey.hospital@gmail.com', 'www.cphospital.com.np', NULL, 'www.facebook.com/cphospitaldhangadhi', NULL, NULL, NULL, NULL, NULL, NULL, 'thumbnail/cc72dbfa4dfa6d2cbce259b332bf0f4c.jpg', 'profile/5FAiWT6YRWaKsczNNTmb4lOJSqwqPIyqSXGl2Jp5.jpeg', 'no_image.jpg', '2019-10-13 06:02:07', '2019-08-13 02:16:03', '2019-10-13 06:02:07', 'Hospital Chandra Prakash Pandey');

-- --------------------------------------------------------

--
-- Table structure for table `business_hours`
--

CREATE TABLE `business_hours` (
  `id` bigint(20) UNSIGNED NOT NULL,
  `day` tinyint(4) NOT NULL,
  `open_time` time DEFAULT NULL,
  `close_time` time DEFAULT NULL,
  `business_id` bigint(20) UNSIGNED NOT NULL,
  `created_at` timestamp NULL DEFAULT NULL,
  `updated_at` timestamp NULL DEFAULT NULL
) ENGINE=InnoDB DEFAULT CHARSET=utf8mb4 COLLATE=utf8mb4_unicode_ci;

--
-- Dumping data for table `business_hours`
--

INSERT INTO `business_hours` (`id`, `day`, `open_time`, `close_time`, `business_id`, `created_at`, `updated_at`) VALUES
(1, 1, '05:00:00', '16:00:00', 1, NULL, NULL),
(2, 2, '06:00:00', '15:00:00', 1, NULL, NULL),
(3, 3, NULL, NULL, 1, NULL, NULL),
(4, 4, NULL, NULL, 1, NULL, NULL),
(5, 5, NULL, NULL, 1, NULL, NULL),
(6, 6, NULL, NULL, 1, NULL, NULL),
(7, 7, NULL, NULL, 1, NULL, NULL),
(8, 1, '06:00:00', '22:00:00', 102, NULL, NULL),
(9, 2, '06:00:00', '22:00:00', 102, NULL, NULL),
(10, 3, '06:00:00', '22:00:00', 102, NULL, NULL),
(11, 4, '06:00:00', '22:00:00', 102, NULL, NULL),
(12, 5, '06:00:00', '22:00:00', 102, NULL, NULL),
(13, 6, '06:00:00', '22:00:00', 102, NULL, NULL),
(14, 7, '10:00:00', '17:00:00', 102, NULL, NULL);

-- --------------------------------------------------------

--
-- Table structure for table `categories`
--

CREATE TABLE `categories` (
  `id` bigint(20) UNSIGNED NOT NULL,
  `name` varchar(255) COLLATE utf8mb4_unicode_ci NOT NULL,
  `description` mediumtext COLLATE utf8mb4_unicode_ci DEFAULT NULL,
  `created_at` timestamp NULL DEFAULT NULL,
  `updated_at` timestamp NULL DEFAULT NULL
) ENGINE=InnoDB DEFAULT CHARSET=utf8mb4 COLLATE=utf8mb4_unicode_ci;

--
-- Dumping data for table `categories`
--

INSERT INTO `categories` (`id`, `name`, `description`, `created_at`, `updated_at`) VALUES
(1, 'Automobile', NULL, '2019-07-31 00:35:00', '2019-07-31 00:35:00'),
(2, 'Bank & Finance', NULL, '2019-07-31 00:41:52', '2019-07-31 00:41:52'),
(3, 'Computer & Internet', NULL, '2019-07-31 00:42:04', '2019-07-31 00:42:04'),
(4, 'Construction', NULL, '2019-07-31 00:42:10', '2019-07-31 00:42:10'),
(5, 'Education & Training', 'description added', '2019-07-31 01:41:22', '2019-07-31 02:02:58'),
(6, 'Hospitals', 'Description about hospitals', '2019-07-31 02:08:27', '2019-07-31 02:18:19'),
(7, 'New Category', 'Some description about this category', '2019-08-18 13:42:24', '2019-08-18 13:42:24');

-- --------------------------------------------------------

--
-- Table structure for table `cities`
--

CREATE TABLE `cities` (
  `id` bigint(20) UNSIGNED NOT NULL,
  `name` varchar(255) COLLATE utf8mb4_unicode_ci NOT NULL,
  `zone_id` bigint(20) UNSIGNED NOT NULL,
  `created_at` timestamp NULL DEFAULT NULL,
  `updated_at` timestamp NULL DEFAULT NULL
) ENGINE=InnoDB DEFAULT CHARSET=utf8mb4 COLLATE=utf8mb4_unicode_ci;

--
-- Dumping data for table `cities`
--

INSERT INTO `cities` (`id`, `name`, `zone_id`, `created_at`, `updated_at`) VALUES
(2, 'Kailali', 3, '2019-08-01 22:58:10', '2019-08-01 22:58:10'),
(3, 'Bajhanag', 3, '2019-08-01 23:07:26', '2019-08-01 23:07:26'),
(4, 'Bajura', 3, '2019-08-01 23:07:42', '2019-08-01 23:07:42'),
(5, 'Doti', 3, '2019-08-01 23:07:50', '2019-08-01 23:07:50'),
(6, 'Achham', 3, '2019-08-01 23:08:06', '2019-08-01 23:08:06'),
(7, 'Baitadi', 2, '2019-08-01 23:08:43', '2019-08-01 23:08:43'),
(8, 'Dadheldhura', 2, '2019-08-01 23:08:54', '2019-08-01 23:08:54'),
(9, 'Darchula', 2, '2019-08-01 23:09:02', '2019-08-01 23:09:02'),
(10, 'Kanchanpur', 2, '2019-08-01 23:09:25', '2019-08-01 23:09:25'),
(11, 'Bhojpur', 4, '2019-08-01 23:09:47', '2019-08-01 23:09:47'),
(12, 'Dhankuta', 4, '2019-08-01 23:09:57', '2019-08-01 23:09:57'),
(13, 'Morang', 4, '2019-08-01 23:10:03', '2019-08-01 23:10:03'),
(14, 'Sankhuwasabha', 4, '2019-08-01 23:10:15', '2019-08-01 23:10:15'),
(15, 'Sunsari', 4, '2019-08-01 23:10:24', '2019-08-01 23:10:24'),
(16, 'Terathum', 4, '2019-08-01 23:10:35', '2019-08-01 23:10:35');

-- --------------------------------------------------------

--
-- Table structure for table `events`
--

CREATE TABLE `events` (
  `id` bigint(20) UNSIGNED NOT NULL,
  `name` varchar(255) COLLATE utf8mb4_unicode_ci NOT NULL,
  `slug` varchar(255) COLLATE utf8mb4_unicode_ci NOT NULL,
  `host` varchar(255) COLLATE utf8mb4_unicode_ci DEFAULT NULL,
  `thumbnail` varchar(255) COLLATE utf8mb4_unicode_ci NOT NULL DEFAULT 'no_image.jpg',
  `pic` varchar(255) COLLATE utf8mb4_unicode_ci NOT NULL DEFAULT 'no_image.jpg',
  `location` varchar(255) COLLATE utf8mb4_unicode_ci NOT NULL,
  `start_time` datetime NOT NULL,
  `end_time` datetime NOT NULL,
  `excerpt` mediumtext COLLATE utf8mb4_unicode_ci NOT NULL,
  `description` text COLLATE utf8mb4_unicode_ci NOT NULL,
  `created_at` timestamp NULL DEFAULT NULL,
  `updated_at` timestamp NULL DEFAULT NULL
) ENGINE=InnoDB DEFAULT CHARSET=utf8mb4 COLLATE=utf8mb4_unicode_ci;

--
-- Dumping data for table `events`
--

INSERT INTO `events` (`id`, `name`, `slug`, `host`, `thumbnail`, `pic`, `location`, `start_time`, `end_time`, `excerpt`, `description`, `created_at`, `updated_at`) VALUES
(3, 'EIT Engineering Seminar in Kathmandu EIT Engineering Seminar in Kathmandu', 'eit-engineering-seminar-in-kathmandu-eit-engineering-seminar-in-kathmandu', 'EIT Engineering College', 'eventThumbs/7bf89f3c800921bac48e0f02a34fcd39.jpg', 'event/g7to8Z2ghFWVo4GEyFouq2wXAUOGBa9bOT9uiRII.jpeg', 'Kathmandu', '2019-10-15 09:00:00', '2019-10-17 16:00:00', 'Dr Steve Mackay, EIT\'s Dean of Engineering, will be presenting a seminar on hot trends in engineering, job prospects and studying with EIT in Australia.', '<p><strong>Embrace the opportunity to learn about studying engineering in Australia with EIT.</strong></p>\r\n\r\n<h2>About this Event</h2>\r\n\r\n<p>The Engineering Institute of Technology is visiting Kathmandu this October.</p>\r\n\r\n<p>Dr Steve Mackay, EIT&#39;s Dean of Engineering, will be presenting a seminar on hot trends in engineering, job prospects and studying with EIT in Australia.</p>\r\n\r\n<p>Steve Mackay PhD has over 40 years of industry experience in Australia, Europe, Africa and North America and has delivered training and education to 18,000 engineers and technicians throughout the world over his career. This is an outstanding opportunity to be informed of emerging opportunities and developments in engineering from a world respected industry leader.</p>\r\n\r\n<p>He will then speak about EIT&#39;s engineering degrees. We offer four Bachelor of Science degrees and four Master of Engineering degrees on campus in the following disciplines: industrial automation, electrical engineering, mechanical engineering, and civil and structural engineering. These programs, and others, are also available to study using an interactive platform of online learning from your home countries.</p>\r\n\r\n<p>Our on-campus programs are presented in a blended learning format, which utilizes many of the technologies employed in our online delivery mode.</p>\r\n\r\n<p>If you have any questions, please contact us on dean.s.mackay@eit.edu.au.</p>\r\n\r\n<p>&nbsp;</p>\r\n\r\n<p><strong>Who is EIT?</strong></p>\r\n\r\n<p>The key objective of the Engineering Institute of Technology (EIT) is to provide an outstanding practical engineering and technology education. EIT offers; professional development courses, diplomas, and bachelor and master&#39;s degrees. The finest engineering lecturers and instructors, with extensive real engineering experience in industry, are drawn from around the world.</p>\r\n\r\n<p>&nbsp;</p>\r\n\r\n<p>CRICOS Provider Number: 03567C | Higher Education Provider Number: 14008 | RTO Provider Number: 51971</p>', '2019-10-13 04:52:30', '2019-10-13 04:52:30');

-- --------------------------------------------------------

--
-- Table structure for table `migrations`
--

CREATE TABLE `migrations` (
  `id` int(10) UNSIGNED NOT NULL,
  `migration` varchar(255) COLLATE utf8mb4_unicode_ci NOT NULL,
  `batch` int(11) NOT NULL
) ENGINE=InnoDB DEFAULT CHARSET=utf8mb4 COLLATE=utf8mb4_unicode_ci;

--
-- Dumping data for table `migrations`
--

INSERT INTO `migrations` (`id`, `migration`, `batch`) VALUES
(1, '2014_10_12_000000_create_users_table', 1),
(2, '2014_10_12_100000_create_password_resets_table', 1),
(4, '2019_07_29_084828_create_categories_table', 2),
(5, '2019_08_01_072820_create_businesses_table', 5),
(6, '2019_08_01_165253_create_zones_table', 3),
(7, '2019_08_01_165254_create_cities_table', 4),
(23, '2019_08_02_072820_create_businesses_table', 6),
(24, '2019_08_04_065657_create_tag_tables', 7),
(25, '2019_08_06_061058_create_business_hours_table', 8),
(27, '2019_08_13_074005_add_keywords_to_businesses_table', 9),
(28, '2019_08_16_041832_create_popular_cats_table', 10),
(32, '2019_08_16_094007_create_events_table', 11);

-- --------------------------------------------------------

--
-- Table structure for table `password_resets`
--

CREATE TABLE `password_resets` (
  `email` varchar(255) COLLATE utf8mb4_unicode_ci NOT NULL,
  `token` varchar(255) COLLATE utf8mb4_unicode_ci NOT NULL,
  `created_at` timestamp NULL DEFAULT NULL
) ENGINE=InnoDB DEFAULT CHARSET=utf8mb4 COLLATE=utf8mb4_unicode_ci;

-- --------------------------------------------------------

--
-- Table structure for table `popular_cats`
--

CREATE TABLE `popular_cats` (
  `id` bigint(20) UNSIGNED NOT NULL,
  `category_id` bigint(20) UNSIGNED NOT NULL,
  `display_name` varchar(255) COLLATE utf8mb4_unicode_ci DEFAULT NULL,
  `avatar` varchar(255) COLLATE utf8mb4_unicode_ci NOT NULL,
  `button_class` varchar(255) COLLATE utf8mb4_unicode_ci NOT NULL,
  `created_at` timestamp NULL DEFAULT NULL,
  `updated_at` timestamp NULL DEFAULT NULL
) ENGINE=InnoDB DEFAULT CHARSET=utf8mb4 COLLATE=utf8mb4_unicode_ci;

--
-- Dumping data for table `popular_cats`
--

INSERT INTO `popular_cats` (`id`, `category_id`, `display_name`, `avatar`, `button_class`, `created_at`, `updated_at`) VALUES
(3, 1, 'Automobiles', 'popularCatThumb/CZdirpviYlX8IFPvhD4UB1q5LSQthxDVHzrt9DXu.jpeg', 'btn-info', '2019-08-16 00:55:46', '2019-08-16 00:55:46'),
(4, 2, 'Bank & Finance', 'popularCatThumb/pdcGs092PiRZmTdQrjTkXWXHZU4yMu4cOW7Tb7O2.jpeg', 'btn btn-secondary', '2019-08-16 00:56:46', '2019-08-16 00:59:58'),
(5, 3, 'Computer & Internet', 'popularCatThumb/XjQipvTejqbWFkmwyYyZvu1biCJUA2q1o28ecieM.jpeg', 'btn-success', '2019-08-16 00:57:00', '2019-08-16 00:57:00'),
(6, 4, 'Construction', 'popularCatThumb/CBhkJMkGnc81qVFp8QpxZxGjx5Rqzqg3UQRFD0Ic.jpeg', 'btn-deep-orange', '2019-08-16 00:57:16', '2019-08-16 00:57:16'),
(7, 5, 'Education & Training', 'popularCatThumb/7irX73iRvSs1duLjhzkTtfYLXlbSFxIdS3yYQWBJ.jpeg', 'btn btn-danger', '2019-08-16 00:57:38', '2019-08-16 01:15:50'),
(8, 6, 'Hospitals', 'popularCatThumb/5JHEPXSnWsxfljGwY3mrGCPajJnwKrk3GPZ0oWcW.png', 'btn btn-cyan', '2019-08-16 00:59:48', '2019-08-16 00:59:48');

-- --------------------------------------------------------

--
-- Table structure for table `taggables`
--

CREATE TABLE `taggables` (
  `tag_id` int(10) UNSIGNED NOT NULL,
  `taggable_id` int(10) UNSIGNED NOT NULL,
  `taggable_type` varchar(255) COLLATE utf8mb4_unicode_ci NOT NULL
) ENGINE=InnoDB DEFAULT CHARSET=utf8mb4 COLLATE=utf8mb4_unicode_ci;

-- --------------------------------------------------------

--
-- Table structure for table `tags`
--

CREATE TABLE `tags` (
  `id` int(10) UNSIGNED NOT NULL,
  `name` longtext CHARACTER SET utf8mb4 COLLATE utf8mb4_bin NOT NULL,
  `slug` longtext CHARACTER SET utf8mb4 COLLATE utf8mb4_bin NOT NULL,
  `type` varchar(255) COLLATE utf8mb4_unicode_ci DEFAULT NULL,
  `order_column` int(11) DEFAULT NULL,
  `created_at` timestamp NULL DEFAULT NULL,
  `updated_at` timestamp NULL DEFAULT NULL
) ENGINE=InnoDB DEFAULT CHARSET=utf8mb4 COLLATE=utf8mb4_unicode_ci;

-- --------------------------------------------------------

--
-- Table structure for table `users`
--

CREATE TABLE `users` (
  `id` bigint(20) UNSIGNED NOT NULL,
  `name` varchar(255) COLLATE utf8mb4_unicode_ci NOT NULL,
  `email` varchar(255) COLLATE utf8mb4_unicode_ci NOT NULL,
  `email_verified_at` timestamp NULL DEFAULT NULL,
  `password` varchar(255) COLLATE utf8mb4_unicode_ci NOT NULL,
  `remember_token` varchar(100) COLLATE utf8mb4_unicode_ci DEFAULT NULL,
  `created_at` timestamp NULL DEFAULT NULL,
  `updated_at` timestamp NULL DEFAULT NULL
) ENGINE=InnoDB DEFAULT CHARSET=utf8mb4 COLLATE=utf8mb4_unicode_ci;

--
-- Dumping data for table `users`
--

INSERT INTO `users` (`id`, `name`, `email`, `email_verified_at`, `password`, `remember_token`, `created_at`, `updated_at`) VALUES
(1, 'James Bhatta', 'jmsbhatta@gmail.com', '2019-08-13 03:06:04', '$2y$10$d1vOi65OSzCyDq3y8Q5SrevOJagZ0pTfrKOSTAJzvJy8OgFMdnBVe', 'IbyzHPdT8FKzBQkA0hCupAsE0nTwC1KtYxVU1b6GmywogAPEkHdcXJPzZAOb', '2019-07-29 01:40:21', '2019-08-13 03:06:04'),
(2, 'Admin', 'admin@yellowpages.com', '2019-08-13 03:00:54', '$2y$10$DCouqbuW2/M6qqYLSmvD9OzlpAKJds8Tsk5wxh4KNtZBT.WsNrATu', NULL, '2019-08-13 02:57:47', '2019-08-13 03:00:54');

-- --------------------------------------------------------

--
-- Table structure for table `zones`
--

CREATE TABLE `zones` (
  `id` bigint(20) UNSIGNED NOT NULL,
  `name` varchar(255) COLLATE utf8mb4_unicode_ci NOT NULL,
  `created_at` timestamp NULL DEFAULT NULL,
  `updated_at` timestamp NULL DEFAULT NULL
) ENGINE=InnoDB DEFAULT CHARSET=utf8mb4 COLLATE=utf8mb4_unicode_ci;

--
-- Dumping data for table `zones`
--

INSERT INTO `zones` (`id`, `name`, `created_at`, `updated_at`) VALUES
(2, 'Mahakali', '2019-08-01 12:33:56', '2019-08-01 12:33:56'),
(3, 'Seti', '2019-08-01 12:34:46', '2019-08-01 12:34:46'),
(4, 'Koshi', '2019-08-01 12:43:22', '2019-08-01 12:43:22'),
(5, 'Mechi', '2019-08-02 00:08:17', '2019-08-07 02:50:13');

--
-- Indexes for dumped tables
--

--
-- Indexes for table `businesses`
--
ALTER TABLE `businesses`
  ADD PRIMARY KEY (`id`),
  ADD KEY `businesses_category_id_index` (`category_id`),
  ADD KEY `businesses_city_id_index` (`city_id`);

--
-- Indexes for table `business_hours`
--
ALTER TABLE `business_hours`
  ADD PRIMARY KEY (`id`),
  ADD KEY `business_hours_business_id_index` (`business_id`);

--
-- Indexes for table `categories`
--
ALTER TABLE `categories`
  ADD PRIMARY KEY (`id`);

--
-- Indexes for table `cities`
--
ALTER TABLE `cities`
  ADD PRIMARY KEY (`id`),
  ADD KEY `cities_zone_id_index` (`zone_id`);

--
-- Indexes for table `events`
--
ALTER TABLE `events`
  ADD PRIMARY KEY (`id`);

--
-- Indexes for table `migrations`
--
ALTER TABLE `migrations`
  ADD PRIMARY KEY (`id`);

--
-- Indexes for table `password_resets`
--
ALTER TABLE `password_resets`
  ADD KEY `password_resets_email_index` (`email`);

--
-- Indexes for table `popular_cats`
--
ALTER TABLE `popular_cats`
  ADD PRIMARY KEY (`id`),
  ADD KEY `popular_cats_category_id_foreign` (`category_id`);

--
-- Indexes for table `taggables`
--
ALTER TABLE `taggables`
  ADD KEY `taggables_tag_id_foreign` (`tag_id`);

--
-- Indexes for table `tags`
--
ALTER TABLE `tags`
  ADD PRIMARY KEY (`id`);

--
-- Indexes for table `users`
--
ALTER TABLE `users`
  ADD PRIMARY KEY (`id`),
  ADD UNIQUE KEY `users_email_unique` (`email`);

--
-- Indexes for table `zones`
--
ALTER TABLE `zones`
  ADD PRIMARY KEY (`id`);

--
-- AUTO_INCREMENT for dumped tables
--

--
-- AUTO_INCREMENT for table `businesses`
--
ALTER TABLE `businesses`
  MODIFY `id` bigint(20) UNSIGNED NOT NULL AUTO_INCREMENT, AUTO_INCREMENT=103;

--
-- AUTO_INCREMENT for table `business_hours`
--
ALTER TABLE `business_hours`
  MODIFY `id` bigint(20) UNSIGNED NOT NULL AUTO_INCREMENT, AUTO_INCREMENT=15;

--
-- AUTO_INCREMENT for table `categories`
--
ALTER TABLE `categories`
  MODIFY `id` bigint(20) UNSIGNED NOT NULL AUTO_INCREMENT, AUTO_INCREMENT=8;

--
-- AUTO_INCREMENT for table `cities`
--
ALTER TABLE `cities`
  MODIFY `id` bigint(20) UNSIGNED NOT NULL AUTO_INCREMENT, AUTO_INCREMENT=21;

--
-- AUTO_INCREMENT for table `events`
--
ALTER TABLE `events`
  MODIFY `id` bigint(20) UNSIGNED NOT NULL AUTO_INCREMENT, AUTO_INCREMENT=4;

--
-- AUTO_INCREMENT for table `migrations`
--
ALTER TABLE `migrations`
  MODIFY `id` int(10) UNSIGNED NOT NULL AUTO_INCREMENT, AUTO_INCREMENT=33;

--
-- AUTO_INCREMENT for table `popular_cats`
--
ALTER TABLE `popular_cats`
  MODIFY `id` bigint(20) UNSIGNED NOT NULL AUTO_INCREMENT, AUTO_INCREMENT=9;

--
-- AUTO_INCREMENT for table `tags`
--
ALTER TABLE `tags`
  MODIFY `id` int(10) UNSIGNED NOT NULL AUTO_INCREMENT;

--
-- AUTO_INCREMENT for table `users`
--
ALTER TABLE `users`
  MODIFY `id` bigint(20) UNSIGNED NOT NULL AUTO_INCREMENT, AUTO_INCREMENT=3;

--
-- AUTO_INCREMENT for table `zones`
--
ALTER TABLE `zones`
  MODIFY `id` bigint(20) UNSIGNED NOT NULL AUTO_INCREMENT, AUTO_INCREMENT=8;

--
-- Constraints for dumped tables
--

--
-- Constraints for table `businesses`
--
ALTER TABLE `businesses`
  ADD CONSTRAINT `businesses_category_id_foreign` FOREIGN KEY (`category_id`) REFERENCES `categories` (`id`),
  ADD CONSTRAINT `businesses_city_id_foreign` FOREIGN KEY (`city_id`) REFERENCES `cities` (`id`);

--
-- Constraints for table `business_hours`
--
ALTER TABLE `business_hours`
  ADD CONSTRAINT `business_hours_business_id_foreign` FOREIGN KEY (`business_id`) REFERENCES `businesses` (`id`) ON DELETE CASCADE;

--
-- Constraints for table `cities`
--
ALTER TABLE `cities`
  ADD CONSTRAINT `cities_zone_id_foreign` FOREIGN KEY (`zone_id`) REFERENCES `zones` (`id`) ON DELETE CASCADE;

--
-- Constraints for table `popular_cats`
--
ALTER TABLE `popular_cats`
  ADD CONSTRAINT `popular_cats_category_id_foreign` FOREIGN KEY (`category_id`) REFERENCES `categories` (`id`) ON DELETE CASCADE;

--
-- Constraints for table `taggables`
--
ALTER TABLE `taggables`
  ADD CONSTRAINT `taggables_tag_id_foreign` FOREIGN KEY (`tag_id`) REFERENCES `tags` (`id`) ON DELETE CASCADE;
COMMIT;

/*!40101 SET CHARACTER_SET_CLIENT=@OLD_CHARACTER_SET_CLIENT */;
/*!40101 SET CHARACTER_SET_RESULTS=@OLD_CHARACTER_SET_RESULTS */;
/*!40101 SET COLLATION_CONNECTION=@OLD_COLLATION_CONNECTION */;
